idWeeks;datStart;datEnd;nYear;nMonth;nCalendarWeek
1;1998-01-05;1998-01-11;1998;1;2
2;1998-01-12;1998-01-18;1998;1;3
3;1998-01-19;1998-01-25;1998;1;4
4;1998-01-26;1998-02-01;1998;1;5
5;1998-02-02;1998-02-08;1998;2;6
6;1998-02-09;1998-02-15;1998;2;7
7;1998-02-16;1998-02-22;1998;2;8
8;1998-02-23;1998-03-01;1998;2;9
9;1998-03-02;1998-03-08;1998;3;10
10;1998-03-09;1998-03-15;1998;3;11
11;1998-03-16;1998-03-22;1998;3;12
12;1998-03-23;1998-03-29;1998;3;13
13;1998-03-30;1998-04-05;1998;3;14
14;1998-04-06;1998-04-12;1998;4;15
15;1998-04-13;1998-04-19;1998;4;16
16;1998-04-20;1998-04-26;1998;4;17
17;1998-04-27;1998-05-03;1998;4;18
18;1998-05-04;1998-05-10;1998;5;19
19;1998-05-11;1998-05-17;1998;5;20
20;1998-05-18;1998-05-24;1998;5;21
21;1998-05-25;1998-05-31;1998;5;22
22;1998-06-01;1998-06-07;1998;6;23
23;1998-06-08;1998-06-14;1998;6;24
24;1998-06-15;1998-06-21;1998;6;25
25;1998-06-22;1998-06-28;1998;6;26
26;1998-06-29;1998-07-05;1998;6;27
27;1998-07-06;1998-07-12;1998;7;28
28;1998-07-13;1998-07-19;1998;7;29
29;1998-07-20;1998-07-26;1998;7;30
30;1998-07-27;1998-08-02;1998;7;31
31;1998-08-03;1998-08-09;1998;8;32
32;1998-08-10;1998-08-16;1998;8;33
33;1998-08-17;1998-08-23;1998;8;34
34;1998-08-24;1998-08-30;1998;8;35
35;1998-08-31;1998-09-06;1998;8;36
36;1998-09-07;1998-09-13;1998;9;37
37;1998-09-14;1998-09-20;1998;9;38
38;1998-09-21;1998-09-27;1998;9;39
39;1998-09-28;1998-10-04;1998;9;40
40;1998-10-05;1998-10-11;1998;10;41
41;1998-10-12;1998-10-18;1998;10;42
42;1998-10-19;1998-10-25;1998;10;43
43;1998-10-26;1998-11-01;1998;10;44
44;1998-11-02;1998-11-08;1998;11;45
45;1998-11-09;1998-11-15;1998;11;46
46;1998-11-16;1998-11-22;1998;11;47
47;1998-11-23;1998-11-29;1998;11;48
48;1998-11-30;1998-12-06;1998;11;49
49;1998-12-07;1998-12-13;1998;12;50
50;1998-12-14;1998-12-20;1998;12;51
51;1998-12-21;1998-12-27;1998;12;52
52;1998-12-28;1999-01-03;1998;12;53
53;1999-01-04;1999-01-10;1999;1;2
54;1999-01-11;1999-01-17;1999;1;3
55;1999-01-18;1999-01-24;1999;1;4
56;1999-01-25;1999-01-31;1999;1;5
57;1999-02-01;1999-02-07;1999;2;6
58;1999-02-08;1999-02-14;1999;2;7
59;1999-02-15;1999-02-21;1999;2;8
60;1999-02-22;1999-02-28;1999;2;9
61;1999-03-01;1999-03-07;1999;3;10
62;1999-03-08;1999-03-14;1999;3;11
63;1999-03-15;1999-03-21;1999;3;12
64;1999-03-22;1999-03-28;1999;3;13
65;1999-03-29;1999-04-04;1999;3;14
66;1999-04-05;1999-04-11;1999;4;15
67;1999-04-12;1999-04-18;1999;4;16
68;1999-04-19;1999-04-25;1999;4;17
69;1999-04-26;1999-05-02;1999;4;18
70;1999-05-03;1999-05-09;1999;5;19
71;1999-05-10;1999-05-16;1999;5;20
72;1999-05-17;1999-05-23;1999;5;21
73;1999-05-24;1999-05-30;1999;5;22
74;1999-05-31;1999-06-06;1999;5;23
75;1999-06-07;1999-06-13;1999;6;24
76;1999-06-14;1999-06-20;1999;6;25
77;1999-06-21;1999-06-27;1999;6;26
78;1999-06-28;1999-07-04;1999;6;27
79;1999-07-05;1999-07-11;1999;7;28
80;1999-07-12;1999-07-18;1999;7;29
81;1999-07-19;1999-07-25;1999;7;30
82;1999-07-26;1999-08-01;1999;7;31
83;1999-08-02;1999-08-08;1999;8;32
84;1999-08-09;1999-08-15;1999;8;33
85;1999-08-16;1999-08-22;1999;8;34
86;1999-08-23;1999-08-29;1999;8;35
87;1999-08-30;1999-09-05;1999;8;36
88;1999-09-06;1999-09-12;1999;9;37
89;1999-09-13;1999-09-19;1999;9;38
90;1999-09-20;1999-09-26;1999;9;39
91;1999-09-27;1999-10-03;1999;9;40
92;1999-10-04;1999-10-10;1999;10;41
93;1999-10-11;1999-10-17;1999;10;42
94;1999-10-18;1999-10-24;1999;10;43
95;1999-10-25;1999-10-31;1999;10;44
96;1999-11-01;1999-11-07;1999;11;45
97;1999-11-08;1999-11-14;1999;11;46
98;1999-11-15;1999-11-21;1999;11;47
99;1999-11-22;1999-11-28;1999;11;48
100;1999-11-29;1999-12-05;1999;11;49
101;1999-12-06;1999-12-12;1999;12;50
102;1999-12-13;1999-12-19;1999;12;51
103;1999-12-20;1999-12-26;1999;12;52
104;1999-12-27;2000-01-02;1999;12;53
105;2000-01-03;2000-01-09;2000;1;2
106;2000-01-10;2000-01-16;2000;1;3
107;2000-01-17;2000-01-23;2000;1;4
108;2000-01-24;2000-01-30;2000;1;5
109;2000-01-31;2000-02-06;2000;1;6
110;2000-02-07;2000-02-13;2000;2;7
111;2000-02-14;2000-02-20;2000;2;8
112;2000-02-21;2000-02-27;2000;2;9
113;2000-02-28;2000-03-05;2000;2;10
114;2000-03-06;2000-03-12;2000;3;11
115;2000-03-13;2000-03-19;2000;3;12
116;2000-03-20;2000-03-26;2000;3;13
117;2000-03-27;2000-04-02;2000;3;14
118;2000-04-03;2000-04-09;2000;4;15
119;2000-04-10;2000-04-16;2000;4;16
120;2000-04-17;2000-04-23;2000;4;17
121;2000-04-24;2000-04-30;2000;4;18
122;2000-05-01;2000-05-07;2000;5;19
123;2000-05-08;2000-05-14;2000;5;20
124;2000-05-15;2000-05-21;2000;5;21
125;2000-05-22;2000-05-28;2000;5;22
126;2000-05-29;2000-06-04;2000;5;23
127;2000-06-05;2000-06-11;2000;6;24
128;2000-06-12;2000-06-18;2000;6;25
129;2000-06-19;2000-06-25;2000;6;26
130;2000-06-26;2000-07-02;2000;6;27
131;2000-07-03;2000-07-09;2000;7;28
132;2000-07-10;2000-07-16;2000;7;29
133;2000-07-17;2000-07-23;2000;7;30
134;2000-07-24;2000-07-30;2000;7;31
135;2000-07-31;2000-08-06;2000;7;32
136;2000-08-07;2000-08-13;2000;8;33
137;2000-08-14;2000-08-20;2000;8;34
138;2000-08-21;2000-08-27;2000;8;35
139;2000-08-28;2000-09-03;2000;8;36
140;2000-09-04;2000-09-10;2000;9;37
141;2000-09-11;2000-09-17;2000;9;38
142;2000-09-18;2000-09-24;2000;9;39
143;2000-09-25;2000-10-01;2000;9;40
144;2000-10-02;2000-10-08;2000;10;41
145;2000-10-09;2000-10-15;2000;10;42
146;2000-10-16;2000-10-22;2000;10;43
147;2000-10-23;2000-10-29;2000;10;44
148;2000-10-30;2000-11-05;2000;10;45
149;2000-11-06;2000-11-12;2000;11;46
150;2000-11-13;2000-11-19;2000;11;47
151;2000-11-20;2000-11-26;2000;11;48
152;2000-11-27;2000-12-03;2000;11;49
153;2000-12-04;2000-12-10;2000;12;50
154;2000-12-11;2000-12-17;2000;12;51
155;2000-12-18;2000-12-24;2000;12;52
156;2000-12-25;2000-12-31;2000;12;53
157;2001-01-01;2001-01-07;2001;1;1
158;2001-01-08;2001-01-14;2001;1;2
159;2001-01-15;2001-01-21;2001;1;3
160;2001-01-22;2001-01-28;2001;1;4
161;2001-01-29;2001-02-04;2001;1;5
162;2001-02-05;2001-02-11;2001;2;6
163;2001-02-12;2001-02-18;2001;2;7
164;2001-02-19;2001-02-25;2001;2;8
165;2001-02-26;2001-03-04;2001;2;9
166;2001-03-05;2001-03-11;2001;3;10
167;2001-03-12;2001-03-18;2001;3;11
168;2001-03-19;2001-03-25;2001;3;12
169;2001-03-26;2001-04-01;2001;3;13
170;2001-04-02;2001-04-08;2001;4;14
171;2001-04-09;2001-04-15;2001;4;15
172;2001-04-16;2001-04-22;2001;4;16
173;2001-04-23;2001-04-29;2001;4;17
174;2001-04-30;2001-05-06;2001;4;18
175;2001-05-07;2001-05-13;2001;5;19
176;2001-05-14;2001-05-20;2001;5;20
177;2001-05-21;2001-05-27;2001;5;21
178;2001-05-28;2001-06-03;2001;5;22
179;2001-06-04;2001-06-10;2001;6;23
180;2001-06-11;2001-06-17;2001;6;24
181;2001-06-18;2001-06-24;2001;6;25
182;2001-06-25;2001-07-01;2001;6;26
183;2001-07-02;2001-07-08;2001;7;27
184;2001-07-09;2001-07-15;2001;7;28
185;2001-07-16;2001-07-22;2001;7;29
186;2001-07-23;2001-07-29;2001;7;30
187;2001-07-30;2001-08-05;2001;7;31
188;2001-08-06;2001-08-12;2001;8;32
189;2001-08-13;2001-08-19;2001;8;33
190;2001-08-20;2001-08-26;2001;8;34
191;2001-08-27;2001-09-02;2001;8;35
192;2001-09-03;2001-09-09;2001;9;36
193;2001-09-10;2001-09-16;2001;9;37
194;2001-09-17;2001-09-23;2001;9;38
195;2001-09-24;2001-09-30;2001;9;39
196;2001-10-01;2001-10-07;2001;10;40
197;2001-10-08;2001-10-14;2001;10;41
198;2001-10-15;2001-10-21;2001;10;42
199;2001-10-22;2001-10-28;2001;10;43
200;2001-10-29;2001-11-04;2001;10;44
201;2001-11-05;2001-11-11;2001;11;45
202;2001-11-12;2001-11-18;2001;11;46
203;2001-11-19;2001-11-25;2001;11;47
204;2001-11-26;2001-12-02;2001;11;48
205;2001-12-03;2001-12-09;2001;12;49
206;2001-12-10;2001-12-16;2001;12;50
207;2001-12-17;2001-12-23;2001;12;51
208;2001-12-24;2001-12-30;2001;12;52
209;2001-12-31;2002-01-06;2001;12;53
210;2002-01-07;2002-01-13;2002;1;2
211;2002-01-14;2002-01-20;2002;1;3
212;2002-01-21;2002-01-27;2002;1;4
213;2002-01-28;2002-02-03;2002;1;5
214;2002-02-04;2002-02-10;2002;2;6
215;2002-02-11;2002-02-17;2002;2;7
216;2002-02-18;2002-02-24;2002;2;8
217;2002-02-25;2002-03-03;2002;2;9
218;2002-03-04;2002-03-10;2002;3;10
219;2002-03-11;2002-03-17;2002;3;11
220;2002-03-18;2002-03-24;2002;3;12
221;2002-03-25;2002-03-31;2002;3;13
222;2002-04-01;2002-04-07;2002;4;14
223;2002-04-08;2002-04-14;2002;4;15
224;2002-04-15;2002-04-21;2002;4;16
225;2002-04-22;2002-04-28;2002;4;17
226;2002-04-29;2002-05-05;2002;4;18
227;2002-05-06;2002-05-12;2002;5;19
228;2002-05-13;2002-05-19;2002;5;20
229;2002-05-20;2002-05-26;2002;5;21
230;2002-05-27;2002-06-02;2002;5;22
231;2002-06-03;2002-06-09;2002;6;23
232;2002-06-10;2002-06-16;2002;6;24
233;2002-06-17;2002-06-23;2002;6;25
234;2002-06-24;2002-06-30;2002;6;26
235;2002-07-01;2002-07-07;2002;7;27
236;2002-07-08;2002-07-14;2002;7;28
237;2002-07-15;2002-07-21;2002;7;29
238;2002-07-22;2002-07-28;2002;7;30
239;2002-07-29;2002-08-04;2002;7;31
240;2002-08-05;2002-08-11;2002;8;32
241;2002-08-12;2002-08-18;2002;8;33
242;2002-08-19;2002-08-25;2002;8;34
243;2002-08-26;2002-09-01;2002;8;35
244;2002-09-02;2002-09-08;2002;9;36
245;2002-09-09;2002-09-15;2002;9;37
246;2002-09-16;2002-09-22;2002;9;38
247;2002-09-23;2002-09-29;2002;9;39
248;2002-09-30;2002-10-06;2002;9;40
249;2002-10-07;2002-10-13;2002;10;41
250;2002-10-14;2002-10-20;2002;10;42
251;2002-10-21;2002-10-27;2002;10;43
252;2002-10-28;2002-11-03;2002;10;44
253;2002-11-04;2002-11-10;2002;11;45
254;2002-11-11;2002-11-17;2002;11;46
255;2002-11-18;2002-11-24;2002;11;47
256;2002-11-25;2002-12-01;2002;11;48
257;2002-12-02;2002-12-08;2002;12;49
258;2002-12-09;2002-12-15;2002;12;50
259;2002-12-16;2002-12-22;2002;12;51
260;2002-12-23;2002-12-29;2002;12;52
261;2002-12-30;2003-01-05;2002;12;53
262;2003-01-06;2003-01-12;2003;1;2
263;2003-01-13;2003-01-19;2003;1;3
264;2003-01-20;2003-01-26;2003;1;4
265;2003-01-27;2003-02-02;2003;1;5
266;2003-02-03;2003-02-09;2003;2;6
267;2003-02-10;2003-02-16;2003;2;7
268;2003-02-17;2003-02-23;2003;2;8
269;2003-02-24;2003-03-02;2003;2;9
270;2003-03-03;2003-03-09;2003;3;10
271;2003-03-10;2003-03-16;2003;3;11
272;2003-03-17;2003-03-23;2003;3;12
273;2003-03-24;2003-03-30;2003;3;13
274;2003-03-31;2003-04-06;2003;3;14
275;2003-04-07;2003-04-13;2003;4;15
276;2003-04-14;2003-04-20;2003;4;16
277;2003-04-21;2003-04-27;2003;4;17
278;2003-04-28;2003-05-04;2003;4;18
279;2003-05-05;2003-05-11;2003;5;19
280;2003-05-12;2003-05-18;2003;5;20
281;2003-05-19;2003-05-25;2003;5;21
282;2003-05-26;2003-06-01;2003;5;22
283;2003-06-02;2003-06-08;2003;6;23
284;2003-06-09;2003-06-15;2003;6;24
285;2003-06-16;2003-06-22;2003;6;25
286;2003-06-23;2003-06-29;2003;6;26
287;2003-06-30;2003-07-06;2003;6;27
288;2003-07-07;2003-07-13;2003;7;28
289;2003-07-14;2003-07-20;2003;7;29
290;2003-07-21;2003-07-27;2003;7;30
291;2003-07-28;2003-08-03;2003;7;31
292;2003-08-04;2003-08-10;2003;8;32
293;2003-08-11;2003-08-17;2003;8;33
294;2003-08-18;2003-08-24;2003;8;34
295;2003-08-25;2003-08-31;2003;8;35
296;2003-09-01;2003-09-07;2003;9;36
297;2003-09-08;2003-09-14;2003;9;37
298;2003-09-15;2003-09-21;2003;9;38
299;2003-09-22;2003-09-28;2003;9;39
300;2003-09-29;2003-10-05;2003;9;40
301;2003-10-06;2003-10-12;2003;10;41
302;2003-10-13;2003-10-19;2003;10;42
303;2003-10-20;2003-10-26;2003;10;43
304;2003-10-27;2003-11-02;2003;10;44
305;2003-11-03;2003-11-09;2003;11;45
306;2003-11-10;2003-11-16;2003;11;46
307;2003-11-17;2003-11-23;2003;11;47
308;2003-11-24;2003-11-30;2003;11;48
309;2003-12-01;2003-12-07;2003;12;49
310;2003-12-08;2003-12-14;2003;12;50
311;2003-12-15;2003-12-21;2003;12;51
312;2003-12-22;2003-12-28;2003;12;52
313;2003-12-29;2004-01-04;2003;12;53
314;2004-01-05;2004-01-11;2004;1;2
315;2004-01-12;2004-01-18;2004;1;3
316;2004-01-19;2004-01-25;2004;1;4
317;2004-01-26;2004-02-01;2004;1;5
318;2004-02-02;2004-02-08;2004;2;6
319;2004-02-09;2004-02-15;2004;2;7
320;2004-02-16;2004-02-22;2004;2;8
321;2004-02-23;2004-02-29;2004;2;9
322;2004-03-01;2004-03-07;2004;3;10
323;2004-03-08;2004-03-14;2004;3;11
324;2004-03-15;2004-03-21;2004;3;12
325;2004-03-22;2004-03-28;2004;3;13
326;2004-03-29;2004-04-04;2004;3;14
327;2004-04-05;2004-04-11;2004;4;15
328;2004-04-12;2004-04-18;2004;4;16
329;2004-04-19;2004-04-25;2004;4;17
330;2004-04-26;2004-05-02;2004;4;18
331;2004-05-03;2004-05-09;2004;5;19
332;2004-05-10;2004-05-16;2004;5;20
333;2004-05-17;2004-05-23;2004;5;21
334;2004-05-24;2004-05-30;2004;5;22
335;2004-05-31;2004-06-06;2004;5;23
336;2004-06-07;2004-06-13;2004;6;24
337;2004-06-14;2004-06-20;2004;6;25
338;2004-06-21;2004-06-27;2004;6;26
339;2004-06-28;2004-07-04;2004;6;27
340;2004-07-05;2004-07-11;2004;7;28
341;2004-07-12;2004-07-18;2004;7;29
342;2004-07-19;2004-07-25;2004;7;30
343;2004-07-26;2004-08-01;2004;7;31
344;2004-08-02;2004-08-08;2004;8;32
345;2004-08-09;2004-08-15;2004;8;33
346;2004-08-16;2004-08-22;2004;8;34
347;2004-08-23;2004-08-29;2004;8;35
348;2004-08-30;2004-09-05;2004;8;36
349;2004-09-06;2004-09-12;2004;9;37
350;2004-09-13;2004-09-19;2004;9;38
351;2004-09-20;2004-09-26;2004;9;39
352;2004-09-27;2004-10-03;2004;9;40
353;2004-10-04;2004-10-10;2004;10;41
354;2004-10-11;2004-10-17;2004;10;42
355;2004-10-18;2004-10-24;2004;10;43
356;2004-10-25;2004-10-31;2004;10;44
357;2004-11-01;2004-11-07;2004;11;45
358;2004-11-08;2004-11-14;2004;11;46
359;2004-11-15;2004-11-21;2004;11;47
360;2004-11-22;2004-11-28;2004;11;48
361;2004-11-29;2004-12-05;2004;11;49
362;2004-12-06;2004-12-12;2004;12;50
363;2004-12-13;2004-12-19;2004;12;51
364;2004-12-20;2004-12-26;2004;12;52
365;2004-12-27;2005-01-02;2004;12;53
366;2005-01-03;2005-01-09;2005;1;2
367;2005-01-10;2005-01-16;2005;1;3
368;2005-01-17;2005-01-23;2005;1;4
369;2005-01-24;2005-01-30;2005;1;5
370;2005-01-31;2005-02-06;2005;1;6
371;2005-02-07;2005-02-13;2005;2;7
372;2005-02-14;2005-02-20;2005;2;8
373;2005-02-21;2005-02-27;2005;2;9
374;2005-02-28;2005-03-06;2005;2;10
375;2005-03-07;2005-03-13;2005;3;11
376;2005-03-14;2005-03-20;2005;3;12
377;2005-03-21;2005-03-27;2005;3;13
378;2005-03-28;2005-04-03;2005;3;14
379;2005-04-04;2005-04-10;2005;4;15
380;2005-04-11;2005-04-17;2005;4;16
381;2005-04-18;2005-04-24;2005;4;17
382;2005-04-25;2005-05-01;2005;4;18
383;2005-05-02;2005-05-08;2005;5;19
384;2005-05-09;2005-05-15;2005;5;20
385;2005-05-16;2005-05-22;2005;5;21
386;2005-05-23;2005-05-29;2005;5;22
387;2005-05-30;2005-06-05;2005;5;23
388;2005-06-06;2005-06-12;2005;6;24
389;2005-06-13;2005-06-19;2005;6;25
390;2005-06-20;2005-06-26;2005;6;26
391;2005-06-27;2005-07-03;2005;6;27
392;2005-07-04;2005-07-10;2005;7;28
393;2005-07-11;2005-07-17;2005;7;29
394;2005-07-18;2005-07-24;2005;7;30
395;2005-07-25;2005-07-31;2005;7;31
396;2005-08-01;2005-08-07;2005;8;32
397;2005-08-08;2005-08-14;2005;8;33
398;2005-08-15;2005-08-21;2005;8;34
399;2005-08-22;2005-08-28;2005;8;35
400;2005-08-29;2005-09-04;2005;8;36
401;2005-09-05;2005-09-11;2005;9;37
402;2005-09-12;2005-09-18;2005;9;38
403;2005-09-19;2005-09-25;2005;9;39
404;2005-09-26;2005-10-02;2005;9;40
405;2005-10-03;2005-10-09;2005;10;41
406;2005-10-10;2005-10-16;2005;10;42
407;2005-10-17;2005-10-23;2005;10;43
408;2005-10-24;2005-10-30;2005;10;44
409;2005-10-31;2005-11-06;2005;10;45
410;2005-11-07;2005-11-13;2005;11;46
411;2005-11-14;2005-11-20;2005;11;47
412;2005-11-21;2005-11-27;2005;11;48
413;2005-11-28;2005-12-04;2005;11;49
414;2005-12-05;2005-12-11;2005;12;50
415;2005-12-12;2005-12-18;2005;12;51
416;2005-12-19;2005-12-25;2005;12;52
417;2005-12-26;2006-01-01;2005;12;53
418;2006-01-02;2006-01-08;2006;1;1
419;2006-01-09;2006-01-15;2006;1;2
420;2006-01-16;2006-01-22;2006;1;3
421;2006-01-23;2006-01-29;2006;1;4
422;2006-01-30;2006-02-05;2006;1;5
423;2006-02-06;2006-02-12;2006;2;6
424;2006-02-13;2006-02-19;2006;2;7
425;2006-02-20;2006-02-26;2006;2;8
426;2006-02-27;2006-03-05;2006;2;9
427;2006-03-06;2006-03-12;2006;3;10
428;2006-03-13;2006-03-19;2006;3;11
429;2006-03-20;2006-03-26;2006;3;12
430;2006-03-27;2006-04-02;2006;3;13
431;2006-04-03;2006-04-09;2006;4;14
432;2006-04-10;2006-04-16;2006;4;15
433;2006-04-17;2006-04-23;2006;4;16
434;2006-04-24;2006-04-30;2006;4;17
435;2006-05-01;2006-05-07;2006;5;18
436;2006-05-08;2006-05-14;2006;5;19
437;2006-05-15;2006-05-21;2006;5;20
438;2006-05-22;2006-05-28;2006;5;21
439;2006-05-29;2006-06-04;2006;5;22
440;2006-06-05;2006-06-11;2006;6;23
441;2006-06-12;2006-06-18;2006;6;24
442;2006-06-19;2006-06-25;2006;6;25
443;2006-06-26;2006-07-02;2006;6;26
444;2006-07-03;2006-07-09;2006;7;27
445;2006-07-10;2006-07-16;2006;7;28
446;2006-07-17;2006-07-23;2006;7;29
447;2006-07-24;2006-07-30;2006;7;30
448;2006-07-31;2006-08-06;2006;7;31
449;2006-08-07;2006-08-13;2006;8;32
450;2006-08-14;2006-08-20;2006;8;33
451;2006-08-21;2006-08-27;2006;8;34
452;2006-08-28;2006-09-03;2006;8;35
453;2006-09-04;2006-09-10;2006;9;36
454;2006-09-11;2006-09-17;2006;9;37
455;2006-09-18;2006-09-24;2006;9;38
456;2006-09-25;2006-10-01;2006;9;39
457;2006-10-02;2006-10-08;2006;10;40
458;2006-10-09;2006-10-15;2006;10;41
459;2006-10-16;2006-10-22;2006;10;42
460;2006-10-23;2006-10-29;2006;10;43
461;2006-10-30;2006-11-05;2006;10;44
462;2006-11-06;2006-11-12;2006;11;45
463;2006-11-13;2006-11-19;2006;11;46
464;2006-11-20;2006-11-26;2006;11;47
465;2006-11-27;2006-12-03;2006;11;48
466;2006-12-04;2006-12-10;2006;12;49
467;2006-12-11;2006-12-17;2006;12;50
468;2006-12-18;2006-12-24;2006;12;51
469;2006-12-25;2006-12-31;2006;12;52
470;2007-01-01;2007-01-07;2007;1;1
471;2007-01-08;2007-01-14;2007;1;2
472;2007-01-15;2007-01-21;2007;1;3
473;2007-01-22;2007-01-28;2007;1;4
474;2007-01-29;2007-02-04;2007;1;5
475;2007-02-05;2007-02-11;2007;2;6
476;2007-02-12;2007-02-18;2007;2;7
477;2007-02-19;2007-02-25;2007;2;8
478;2007-02-26;2007-03-04;2007;2;9
479;2007-03-05;2007-03-11;2007;3;10
480;2007-03-12;2007-03-18;2007;3;11
481;2007-03-19;2007-03-25;2007;3;12
482;2007-03-26;2007-04-01;2007;3;13
483;2007-04-02;2007-04-08;2007;4;14
484;2007-04-09;2007-04-15;2007;4;15
485;2007-04-16;2007-04-22;2007;4;16
486;2007-04-23;2007-04-29;2007;4;17
487;2007-04-30;2007-05-06;2007;4;18
488;2007-05-07;2007-05-13;2007;5;19
489;2007-05-14;2007-05-20;2007;5;20
490;2007-05-21;2007-05-27;2007;5;21
491;2007-05-28;2007-06-03;2007;5;22
492;2007-06-04;2007-06-10;2007;6;23
493;2007-06-11;2007-06-17;2007;6;24
494;2007-06-18;2007-06-24;2007;6;25
495;2007-06-25;2007-07-01;2007;6;26
496;2007-07-02;2007-07-08;2007;7;27
497;2007-07-09;2007-07-15;2007;7;28
498;2007-07-16;2007-07-22;2007;7;29
499;2007-07-23;2007-07-29;2007;7;30
500;2007-07-30;2007-08-05;2007;7;31
501;2007-08-06;2007-08-12;2007;8;32
502;2007-08-13;2007-08-19;2007;8;33
503;2007-08-20;2007-08-26;2007;8;34
504;2007-08-27;2007-09-02;2007;8;35
505;2007-09-03;2007-09-09;2007;9;36
506;2007-09-10;2007-09-16;2007;9;37
507;2007-09-17;2007-09-23;2007;9;38
508;2007-09-24;2007-09-30;2007;9;39
509;2007-10-01;2007-10-07;2007;10;40
510;2007-10-08;2007-10-14;2007;10;41
511;2007-10-15;2007-10-21;2007;10;42
512;2007-10-22;2007-10-28;2007;10;43
513;2007-10-29;2007-11-04;2007;10;44
514;2007-11-05;2007-11-11;2007;11;45
515;2007-11-12;2007-11-18;2007;11;46
516;2007-11-19;2007-11-25;2007;11;47
517;2007-11-26;2007-12-02;2007;11;48
518;2007-12-03;2007-12-09;2007;12;49
519;2007-12-10;2007-12-16;2007;12;50
520;2007-12-17;2007-12-23;2007;12;51
521;2007-12-24;2007-12-30;2007;12;52
522;2007-12-31;2008-01-06;2007;12;53
523;2008-01-07;2008-01-13;2008;1;2
524;2008-01-14;2008-01-20;2008;1;3
525;2008-01-21;2008-01-27;2008;1;4
526;2008-01-28;2008-02-03;2008;1;5
527;2008-02-04;2008-02-10;2008;2;6
528;2008-02-11;2008-02-17;2008;2;7
529;2008-02-18;2008-02-24;2008;2;8
530;2008-02-25;2008-03-02;2008;2;9
531;2008-03-03;2008-03-09;2008;3;10
532;2008-03-10;2008-03-16;2008;3;11
533;2008-03-17;2008-03-23;2008;3;12
534;2008-03-24;2008-03-30;2008;3;13
535;2008-03-31;2008-04-06;2008;3;14
536;2008-04-07;2008-04-13;2008;4;15
537;2008-04-14;2008-04-20;2008;4;16
538;2008-04-21;2008-04-27;2008;4;17
539;2008-04-28;2008-05-04;2008;4;18
540;2008-05-05;2008-05-11;2008;5;19
541;2008-05-12;2008-05-18;2008;5;20
542;2008-05-19;2008-05-25;2008;5;21
543;2008-05-26;2008-06-01;2008;5;22
544;2008-06-02;2008-06-08;2008;6;23
545;2008-06-09;2008-06-15;2008;6;24
546;2008-06-16;2008-06-22;2008;6;25
547;2008-06-23;2008-06-29;2008;6;26
548;2008-06-30;2008-07-06;2008;6;27
549;2008-07-07;2008-07-13;2008;7;28
550;2008-07-14;2008-07-20;2008;7;29
551;2008-07-21;2008-07-27;2008;7;30
552;2008-07-28;2008-08-03;2008;7;31
553;2008-08-04;2008-08-10;2008;8;32
554;2008-08-11;2008-08-17;2008;8;33
555;2008-08-18;2008-08-24;2008;8;34
556;2008-08-25;2008-08-31;2008;8;35
557;2008-09-01;2008-09-07;2008;9;36
558;2008-09-08;2008-09-14;2008;9;37
559;2008-09-15;2008-09-21;2008;9;38
560;2008-09-22;2008-09-28;2008;9;39
561;2008-09-29;2008-10-05;2008;9;40
562;2008-10-06;2008-10-12;2008;10;41
563;2008-10-13;2008-10-19;2008;10;42
564;2008-10-20;2008-10-26;2008;10;43
565;2008-10-27;2008-11-02;2008;10;44
566;2008-11-03;2008-11-09;2008;11;45
567;2008-11-10;2008-11-16;2008;11;46
568;2008-11-17;2008-11-23;2008;11;47
569;2008-11-24;2008-11-30;2008;11;48
570;2008-12-01;2008-12-07;2008;12;49
571;2008-12-08;2008-12-14;2008;12;50
572;2008-12-15;2008-12-21;2008;12;51
573;2008-12-22;2008-12-28;2008;12;52
574;2008-12-29;2009-01-04;2008;12;53
575;2009-01-05;2009-01-11;2009;1;2
576;2009-01-12;2009-01-18;2009;1;3
577;2009-01-19;2009-01-25;2009;1;4
578;2009-01-26;2009-02-01;2009;1;5
579;2009-02-02;2009-02-08;2009;2;6
580;2009-02-09;2009-02-15;2009;2;7
581;2009-02-16;2009-02-22;2009;2;8
582;2009-02-23;2009-03-01;2009;2;9
583;2009-03-02;2009-03-08;2009;3;10
584;2009-03-09;2009-03-15;2009;3;11
585;2009-03-16;2009-03-22;2009;3;12
586;2009-03-23;2009-03-29;2009;3;13
587;2009-03-30;2009-04-05;2009;3;14
588;2009-04-06;2009-04-12;2009;4;15
589;2009-04-13;2009-04-19;2009;4;16
590;2009-04-20;2009-04-26;2009;4;17
591;2009-04-27;2009-05-03;2009;4;18
592;2009-05-04;2009-05-10;2009;5;19
593;2009-05-11;2009-05-17;2009;5;20
594;2009-05-18;2009-05-24;2009;5;21
595;2009-05-25;2009-05-31;2009;5;22
596;2009-06-01;2009-06-07;2009;6;23
597;2009-06-08;2009-06-14;2009;6;24
598;2009-06-15;2009-06-21;2009;6;25
599;2009-06-22;2009-06-28;2009;6;26
600;2009-06-29;2009-07-05;2009;6;27
601;2009-07-06;2009-07-12;2009;7;28
602;2009-07-13;2009-07-19;2009;7;29
603;2009-07-20;2009-07-26;2009;7;30
604;2009-07-27;2009-08-02;2009;7;31
605;2009-08-03;2009-08-09;2009;8;32
606;2009-08-10;2009-08-16;2009;8;33
607;2009-08-17;2009-08-23;2009;8;34
608;2009-08-24;2009-08-30;2009;8;35
609;2009-08-31;2009-09-06;2009;8;36
610;2009-09-07;2009-09-13;2009;9;37
611;2009-09-14;2009-09-20;2009;9;38
612;2009-09-21;2009-09-27;2009;9;39
613;2009-09-28;2009-10-04;2009;9;40
614;2009-10-05;2009-10-11;2009;10;41
615;2009-10-12;2009-10-18;2009;10;42
616;2009-10-19;2009-10-25;2009;10;43
617;2009-10-26;2009-11-01;2009;10;44
618;2009-11-02;2009-11-08;2009;11;45
619;2009-11-09;2009-11-15;2009;11;46
620;2009-11-16;2009-11-22;2009;11;47
621;2009-11-23;2009-11-29;2009;11;48
622;2009-11-30;2009-12-06;2009;11;49
623;2009-12-07;2009-12-13;2009;12;50
624;2009-12-14;2009-12-20;2009;12;51
625;2009-12-21;2009-12-27;2009;12;52
626;2009-12-28;2010-01-03;2009;12;53
627;2010-01-04;2010-01-10;2010;1;2
628;2010-01-11;2010-01-17;2010;1;3
629;2010-01-18;2010-01-24;2010;1;4
630;2010-01-25;2010-01-31;2010;1;5
631;2010-02-01;2010-02-07;2010;2;6
632;2010-02-08;2010-02-14;2010;2;7
633;2010-02-15;2010-02-21;2010;2;8
634;2010-02-22;2010-02-28;2010;2;9
635;2010-03-01;2010-03-07;2010;3;10
636;2010-03-08;2010-03-14;2010;3;11
637;2010-03-15;2010-03-21;2010;3;12
638;2010-03-22;2010-03-28;2010;3;13
639;2010-03-29;2010-04-04;2010;3;14
640;2010-04-05;2010-04-11;2010;4;15
641;2010-04-12;2010-04-18;2010;4;16
642;2010-04-19;2010-04-25;2010;4;17
643;2010-04-26;2010-05-02;2010;4;18
644;2010-05-03;2010-05-09;2010;5;19
645;2010-05-10;2010-05-16;2010;5;20
646;2010-05-17;2010-05-23;2010;5;21
647;2010-05-24;2010-05-30;2010;5;22
648;2010-05-31;2010-06-06;2010;5;23
649;2010-06-07;2010-06-13;2010;6;24
650;2010-06-14;2010-06-20;2010;6;25
651;2010-06-21;2010-06-27;2010;6;26
652;2010-06-28;2010-07-04;2010;6;27
653;2010-07-05;2010-07-11;2010;7;28
654;2010-07-12;2010-07-18;2010;7;29
655;2010-07-19;2010-07-25;2010;7;30
656;2010-07-26;2010-08-01;2010;7;31
657;2010-08-02;2010-08-08;2010;8;32
658;2010-08-09;2010-08-15;2010;8;33
659;2010-08-16;2010-08-22;2010;8;34
660;2010-08-23;2010-08-29;2010;8;35
661;2010-08-30;2010-09-05;2010;8;36
662;2010-09-06;2010-09-12;2010;9;37
663;2010-09-13;2010-09-19;2010;9;38
664;2010-09-20;2010-09-26;2010;9;39
665;2010-09-27;2010-10-03;2010;9;40
666;2010-10-04;2010-10-10;2010;10;41
667;2010-10-11;2010-10-17;2010;10;42
668;2010-10-18;2010-10-24;2010;10;43
669;2010-10-25;2010-10-31;2010;10;44
670;2010-11-01;2010-11-07;2010;11;45
671;2010-11-08;2010-11-14;2010;11;46
672;2010-11-15;2010-11-21;2010;11;47
673;2010-11-22;2010-11-28;2010;11;48
674;2010-11-29;2010-12-05;2010;11;49
675;2010-12-06;2010-12-12;2010;12;50
676;2010-12-13;2010-12-19;2010;12;51
677;2010-12-20;2010-12-26;2010;12;52
678;2010-12-27;2011-01-02;2010;12;53
679;2011-01-03;2011-01-09;2011;1;2
680;2011-01-10;2011-01-16;2011;1;3
681;2011-01-17;2011-01-23;2011;1;4
682;2011-01-24;2011-01-30;2011;1;5
683;2011-01-31;2011-02-06;2011;1;6
684;2011-02-07;2011-02-13;2011;2;7
685;2011-02-14;2011-02-20;2011;2;8
686;2011-02-21;2011-02-27;2011;2;9
687;2011-02-28;2011-03-06;2011;2;10
688;2011-03-07;2011-03-13;2011;3;11
689;2011-03-14;2011-03-20;2011;3;12
690;2011-03-21;2011-03-27;2011;3;13
691;2011-03-28;2011-04-03;2011;3;14
692;2011-04-04;2011-04-10;2011;4;15
693;2011-04-11;2011-04-17;2011;4;16
694;2011-04-18;2011-04-24;2011;4;17
695;2011-04-25;2011-05-01;2011;4;18
696;2011-05-02;2011-05-08;2011;5;19
697;2011-05-09;2011-05-15;2011;5;20
698;2011-05-16;2011-05-22;2011;5;21
699;2011-05-23;2011-05-29;2011;5;22
700;2011-05-30;2011-06-05;2011;5;23
701;2011-06-06;2011-06-12;2011;6;24
702;2011-06-13;2011-06-19;2011;6;25
703;2011-06-20;2011-06-26;2011;6;26
704;2011-06-27;2011-07-03;2011;6;27
705;2011-07-04;2011-07-10;2011;7;28
706;2011-07-11;2011-07-17;2011;7;29
707;2011-07-18;2011-07-24;2011;7;30
708;2011-07-25;2011-07-31;2011;7;31
709;2011-08-01;2011-08-07;2011;8;32
710;2011-08-08;2011-08-14;2011;8;33
711;2011-08-15;2011-08-21;2011;8;34
712;2011-08-22;2011-08-28;2011;8;35
713;2011-08-29;2011-09-04;2011;8;36
714;2011-09-05;2011-09-11;2011;9;37
715;2011-09-12;2011-09-18;2011;9;38
716;2011-09-19;2011-09-25;2011;9;39
717;2011-09-26;2011-10-02;2011;9;40
718;2011-10-03;2011-10-09;2011;10;41
719;2011-10-10;2011-10-16;2011;10;42
720;2011-10-17;2011-10-23;2011;10;43
721;2011-10-24;2011-10-30;2011;10;44
722;2011-10-31;2011-11-06;2011;10;45
723;2011-11-07;2011-11-13;2011;11;46
724;2011-11-14;2011-11-20;2011;11;47
725;2011-11-21;2011-11-27;2011;11;48
726;2011-11-28;2011-12-04;2011;11;49
727;2011-12-05;2011-12-11;2011;12;50
728;2011-12-12;2011-12-18;2011;12;51
729;2011-12-19;2011-12-25;2011;12;52
730;2011-12-26;2012-01-01;2011;12;53
731;2012-01-02;2012-01-08;2012;1;1
732;2012-01-09;2012-01-15;2012;1;2
733;2012-01-16;2012-01-22;2012;1;3
734;2012-01-23;2012-01-29;2012;1;4
735;2012-01-30;2012-02-05;2012;1;5
736;2012-02-06;2012-02-12;2012;2;6
737;2012-02-13;2012-02-19;2012;2;7
738;2012-02-20;2012-02-26;2012;2;8
739;2012-02-27;2012-03-04;2012;2;9
740;2012-03-05;2012-03-11;2012;3;10
741;2012-03-12;2012-03-18;2012;3;11
742;2012-03-19;2012-03-25;2012;3;12
743;2012-03-26;2012-04-01;2012;3;13
744;2012-04-02;2012-04-08;2012;4;14
745;2012-04-09;2012-04-15;2012;4;15
746;2012-04-16;2012-04-22;2012;4;16
747;2012-04-23;2012-04-29;2012;4;17
748;2012-04-30;2012-05-06;2012;4;18
749;2012-05-07;2012-05-13;2012;5;19
750;2012-05-14;2012-05-20;2012;5;20
751;2012-05-21;2012-05-27;2012;5;21
752;2012-05-28;2012-06-03;2012;5;22
753;2012-06-04;2012-06-10;2012;6;23
754;2012-06-11;2012-06-17;2012;6;24
755;2012-06-18;2012-06-24;2012;6;25
756;2012-06-25;2012-07-01;2012;6;26
757;2012-07-02;2012-07-08;2012;7;27
758;2012-07-09;2012-07-15;2012;7;28
759;2012-07-16;2012-07-22;2012;7;29
760;2012-07-23;2012-07-29;2012;7;30
761;2012-07-30;2012-08-05;2012;7;31
762;2012-08-06;2012-08-12;2012;8;32
763;2012-08-13;2012-08-19;2012;8;33
764;2012-08-20;2012-08-26;2012;8;34
765;2012-08-27;2012-09-02;2012;8;35
766;2012-09-03;2012-09-09;2012;9;36
767;2012-09-10;2012-09-16;2012;9;37
768;2012-09-17;2012-09-23;2012;9;38
769;2012-09-24;2012-09-30;2012;9;39
770;2012-10-01;2012-10-07;2012;10;40
771;2012-10-08;2012-10-14;2012;10;41
772;2012-10-15;2012-10-21;2012;10;42
773;2012-10-22;2012-10-28;2012;10;43
774;2012-10-29;2012-11-04;2012;10;44
775;2012-11-05;2012-11-11;2012;11;45
776;2012-11-12;2012-11-18;2012;11;46
777;2012-11-19;2012-11-25;2012;11;47
778;2012-11-26;2012-12-02;2012;11;48
779;2012-12-03;2012-12-09;2012;12;49
780;2012-12-10;2012-12-16;2012;12;50
781;2012-12-17;2012-12-23;2012;12;51
782;2012-12-24;2012-12-30;2012;12;52
783;2012-12-31;2013-01-06;2012;12;53
784;2013-01-07;2013-01-13;2013;1;2
785;2013-01-14;2013-01-20;2013;1;3
786;2013-01-21;2013-01-27;2013;1;4
787;2013-01-28;2013-02-03;2013;1;5
788;2013-02-04;2013-02-10;2013;2;6
789;2013-02-11;2013-02-17;2013;2;7
790;2013-02-18;2013-02-24;2013;2;8
791;2013-02-25;2013-03-03;2013;2;9
792;2013-03-04;2013-03-10;2013;3;10
793;2013-03-11;2013-03-17;2013;3;11
794;2013-03-18;2013-03-24;2013;3;12
795;2013-03-25;2013-03-31;2013;3;13
796;2013-04-01;2013-04-07;2013;4;14
797;2013-04-08;2013-04-14;2013;4;15
798;2013-04-15;2013-04-21;2013;4;16
799;2013-04-22;2013-04-28;2013;4;17
800;2013-04-29;2013-05-05;2013;4;18
801;2013-05-06;2013-05-12;2013;5;19
802;2013-05-13;2013-05-19;2013;5;20
803;2013-05-20;2013-05-26;2013;5;21
804;2013-05-27;2013-06-02;2013;5;22
805;2013-06-03;2013-06-09;2013;6;23
806;2013-06-10;2013-06-16;2013;6;24
807;2013-06-17;2013-06-23;2013;6;25
808;2013-06-24;2013-06-30;2013;6;26
809;2013-07-01;2013-07-07;2013;7;27
810;2013-07-08;2013-07-14;2013;7;28
811;2013-07-15;2013-07-21;2013;7;29
812;2013-07-22;2013-07-28;2013;7;30
813;2013-07-29;2013-08-04;2013;7;31
814;2013-08-05;2013-08-11;2013;8;32
815;2013-08-12;2013-08-18;2013;8;33
816;2013-08-19;2013-08-25;2013;8;34
817;2013-08-26;2013-09-01;2013;8;35
818;2013-09-02;2013-09-08;2013;9;36
819;2013-09-09;2013-09-15;2013;9;37
820;2013-09-16;2013-09-22;2013;9;38
821;2013-09-23;2013-09-29;2013;9;39
822;2013-09-30;2013-10-06;2013;9;40
823;2013-10-07;2013-10-13;2013;10;41
824;2013-10-14;2013-10-20;2013;10;42
825;2013-10-21;2013-10-27;2013;10;43
826;2013-10-28;2013-11-03;2013;10;44
827;2013-11-04;2013-11-10;2013;11;45
828;2013-11-11;2013-11-17;2013;11;46
829;2013-11-18;2013-11-24;2013;11;47
830;2013-11-25;2013-12-01;2013;11;48
831;2013-12-02;2013-12-08;2013;12;49
832;2013-12-09;2013-12-15;2013;12;50
833;2013-12-16;2013-12-22;2013;12;51
834;2013-12-23;2013-12-29;2013;12;52
835;2013-12-30;2014-01-05;2013;12;53
836;2014-01-06;2014-01-12;2014;1;2
837;2014-01-13;2014-01-19;2014;1;3
838;2014-01-20;2014-01-26;2014;1;4
839;2014-01-27;2014-02-02;2014;1;5
840;2014-02-03;2014-02-09;2014;2;6
841;2014-02-10;2014-02-16;2014;2;7
842;2014-02-17;2014-02-23;2014;2;8
843;2014-02-24;2014-03-02;2014;2;9
844;2014-03-03;2014-03-09;2014;3;10
845;2014-03-10;2014-03-16;2014;3;11
846;2014-03-17;2014-03-23;2014;3;12
847;2014-03-24;2014-03-30;2014;3;13
848;2014-03-31;2014-04-06;2014;3;14
849;2014-04-07;2014-04-13;2014;4;15
850;2014-04-14;2014-04-20;2014;4;16
851;2014-04-21;2014-04-27;2014;4;17
852;2014-04-28;2014-05-04;2014;4;18
853;2014-05-05;2014-05-11;2014;5;19
854;2014-05-12;2014-05-18;2014;5;20
855;2014-05-19;2014-05-25;2014;5;21
856;2014-05-26;2014-06-01;2014;5;22
857;2014-06-02;2014-06-08;2014;6;23
858;2014-06-09;2014-06-15;2014;6;24
859;2014-06-16;2014-06-22;2014;6;25
860;2014-06-23;2014-06-29;2014;6;26
861;2014-06-30;2014-07-06;2014;6;27
862;2014-07-07;2014-07-13;2014;7;28
863;2014-07-14;2014-07-20;2014;7;29
864;2014-07-21;2014-07-27;2014;7;30
865;2014-07-28;2014-08-03;2014;7;31
866;2014-08-04;2014-08-10;2014;8;32
867;2014-08-11;2014-08-17;2014;8;33
868;2014-08-18;2014-08-24;2014;8;34
869;2014-08-25;2014-08-31;2014;8;35
870;2014-09-01;2014-09-07;2014;9;36
871;2014-09-08;2014-09-14;2014;9;37
872;2014-09-15;2014-09-21;2014;9;38
873;2014-09-22;2014-09-28;2014;9;39
874;2014-09-29;2014-10-05;2014;9;40
875;2014-10-06;2014-10-12;2014;10;41
876;2014-10-13;2014-10-19;2014;10;42
877;2014-10-20;2014-10-26;2014;10;43
878;2014-10-27;2014-11-02;2014;10;44
879;2014-11-03;2014-11-09;2014;11;45
880;2014-11-10;2014-11-16;2014;11;46
881;2014-11-17;2014-11-23;2014;11;47
882;2014-11-24;2014-11-30;2014;11;48
883;2014-12-01;2014-12-07;2014;12;49
884;2014-12-08;2014-12-14;2014;12;50
885;2014-12-15;2014-12-21;2014;12;51
886;2014-12-22;2014-12-28;2014;12;52
887;2014-12-29;2015-01-04;2014;12;53
888;2015-01-05;2015-01-11;2015;1;2
889;2015-01-12;2015-01-18;2015;1;3
890;2015-01-19;2015-01-25;2015;1;4
891;2015-01-26;2015-02-01;2015;1;5
892;2015-02-02;2015-02-08;2015;2;6
893;2015-02-09;2015-02-15;2015;2;7
894;2015-02-16;2015-02-22;2015;2;8
895;2015-02-23;2015-03-01;2015;2;9
896;2015-03-02;2015-03-08;2015;3;10
897;2015-03-09;2015-03-15;2015;3;11
898;2015-03-16;2015-03-22;2015;3;12
899;2015-03-23;2015-03-29;2015;3;13
900;2015-03-30;2015-04-05;2015;3;14
901;2015-04-06;2015-04-12;2015;4;15
902;2015-04-13;2015-04-19;2015;4;16
903;2015-04-20;2015-04-26;2015;4;17
904;2015-04-27;2015-05-03;2015;4;18
905;2015-05-04;2015-05-10;2015;5;19
906;2015-05-11;2015-05-17;2015;5;20
907;2015-05-18;2015-05-24;2015;5;21
908;2015-05-25;2015-05-31;2015;5;22
909;2015-06-01;2015-06-07;2015;6;23
910;2015-06-08;2015-06-14;2015;6;24
911;2015-06-15;2015-06-21;2015;6;25
912;2015-06-22;2015-06-28;2015;6;26
913;2015-06-29;2015-07-05;2015;6;27
914;2015-07-06;2015-07-12;2015;7;28
915;2015-07-13;2015-07-19;2015;7;29
916;2015-07-20;2015-07-26;2015;7;30
917;2015-07-27;2015-08-02;2015;7;31
918;2015-08-03;2015-08-09;2015;8;32
919;2015-08-10;2015-08-16;2015;8;33
920;2015-08-17;2015-08-23;2015;8;34
921;2015-08-24;2015-08-30;2015;8;35
922;2015-08-31;2015-09-06;2015;8;36
923;2015-09-07;2015-09-13;2015;9;37
924;2015-09-14;2015-09-20;2015;9;38
925;2015-09-21;2015-09-27;2015;9;39
926;2015-09-28;2015-10-04;2015;9;40
927;2015-10-05;2015-10-11;2015;10;41
928;2015-10-12;2015-10-18;2015;10;42
929;2015-10-19;2015-10-25;2015;10;43
930;2015-10-26;2015-11-01;2015;10;44
931;2015-11-02;2015-11-08;2015;11;45
932;2015-11-09;2015-11-15;2015;11;46
933;2015-11-16;2015-11-22;2015;11;47
934;2015-11-23;2015-11-29;2015;11;48
935;2015-11-30;2015-12-06;2015;11;49
936;2015-12-07;2015-12-13;2015;12;50
937;2015-12-14;2015-12-20;2015;12;51
938;2015-12-21;2015-12-27;2015;12;52
939;2015-12-28;2016-01-03;2015;12;53
940;2016-01-04;2016-01-10;2016;1;2
941;2016-01-11;2016-01-17;2016;1;3
942;2016-01-18;2016-01-24;2016;1;4
943;2016-01-25;2016-01-31;2016;1;5
944;2016-02-01;2016-02-07;2016;2;6
945;2016-02-08;2016-02-14;2016;2;7
946;2016-02-15;2016-02-21;2016;2;8
947;2016-02-22;2016-02-28;2016;2;9
948;2016-02-29;2016-03-06;2016;2;10
949;2016-03-07;2016-03-13;2016;3;11
950;2016-03-14;2016-03-20;2016;3;12
951;2016-03-21;2016-03-27;2016;3;13
952;2016-03-28;2016-04-03;2016;3;14
953;2016-04-04;2016-04-10;2016;4;15
954;2016-04-11;2016-04-17;2016;4;16
955;2016-04-18;2016-04-24;2016;4;17
956;2016-04-25;2016-05-01;2016;4;18
957;2016-05-02;2016-05-08;2016;5;19
958;2016-05-09;2016-05-15;2016;5;20
959;2016-05-16;2016-05-22;2016;5;21
960;2016-05-23;2016-05-29;2016;5;22
961;2016-05-30;2016-06-05;2016;5;23
962;2016-06-06;2016-06-12;2016;6;24
963;2016-06-13;2016-06-19;2016;6;25
964;2016-06-20;2016-06-26;2016;6;26
965;2016-06-27;2016-07-03;2016;6;27
966;2016-07-04;2016-07-10;2016;7;28
967;2016-07-11;2016-07-17;2016;7;29
968;2016-07-18;2016-07-24;2016;7;30
969;2016-07-25;2016-07-31;2016;7;31
970;2016-08-01;2016-08-07;2016;8;32
971;2016-08-08;2016-08-14;2016;8;33
972;2016-08-15;2016-08-21;2016;8;34
973;2016-08-22;2016-08-28;2016;8;35
974;2016-08-29;2016-09-04;2016;8;36
975;2016-09-05;2016-09-11;2016;9;37
976;2016-09-12;2016-09-18;2016;9;38
977;2016-09-19;2016-09-25;2016;9;39
978;2016-09-26;2016-10-02;2016;9;40
979;2016-10-03;2016-10-09;2016;10;41
980;2016-10-10;2016-10-16;2016;10;42
981;2016-10-17;2016-10-23;2016;10;43
982;2016-10-24;2016-10-30;2016;10;44
983;2016-10-31;2016-11-06;2016;10;45
984;2016-11-07;2016-11-13;2016;11;46
985;2016-11-14;2016-11-20;2016;11;47
986;2016-11-21;2016-11-27;2016;11;48
987;2016-11-28;2016-12-04;2016;11;49
988;2016-12-05;2016-12-11;2016;12;50
989;2016-12-12;2016-12-18;2016;12;51
990;2016-12-19;2016-12-25;2016;12;52
991;2016-12-26;2017-01-01;2016;12;53
992;2017-01-02;2017-01-08;2017;1;1
993;2017-01-09;2017-01-15;2017;1;2
994;2017-01-16;2017-01-22;2017;1;3
995;2017-01-23;2017-01-29;2017;1;4
996;2017-01-30;2017-02-05;2017;1;5
997;2017-02-06;2017-02-12;2017;2;6
998;2017-02-13;2017-02-19;2017;2;7
999;2017-02-20;2017-02-26;2017;2;8
1000;2017-02-27;2017-03-05;2017;2;9
1001;2017-03-06;2017-03-12;2017;3;10
1002;2017-03-13;2017-03-19;2017;3;11
1003;2017-03-20;2017-03-26;2017;3;12
1004;2017-03-27;2017-04-02;2017;3;13
1005;2017-04-03;2017-04-09;2017;4;14
1006;2017-04-10;2017-04-16;2017;4;15
1007;2017-04-17;2017-04-23;2017;4;16
1008;2017-04-24;2017-04-30;2017;4;17
1009;2017-05-01;2017-05-07;2017;5;18
1010;2017-05-08;2017-05-14;2017;5;19
1011;2017-05-15;2017-05-21;2017;5;20
1012;2017-05-22;2017-05-28;2017;5;21
1013;2017-05-29;2017-06-04;2017;5;22
1014;2017-06-05;2017-06-11;2017;6;23
1015;2017-06-12;2017-06-18;2017;6;24
1016;2017-06-19;2017-06-25;2017;6;25
1017;2017-06-26;2017-07-02;2017;6;26
1018;2017-07-03;2017-07-09;2017;7;27
1019;2017-07-10;2017-07-16;2017;7;28
1020;2017-07-17;2017-07-23;2017;7;29
1021;2017-07-24;2017-07-30;2017;7;30
1022;2017-07-31;2017-08-06;2017;7;31
1023;2017-08-07;2017-08-13;2017;8;32
1024;2017-08-14;2017-08-20;2017;8;33
1025;2017-08-21;2017-08-27;2017;8;34
1026;2017-08-28;2017-09-03;2017;8;35
1027;2017-09-04;2017-09-10;2017;9;36
1028;2017-09-11;2017-09-17;2017;9;37
1029;2017-09-18;2017-09-24;2017;9;38
1030;2017-09-25;2017-10-01;2017;9;39
1031;2017-10-02;2017-10-08;2017;10;40
1032;2017-10-09;2017-10-15;2017;10;41
1033;2017-10-16;2017-10-22;2017;10;42
1034;2017-10-23;2017-10-29;2017;10;43
1035;2017-10-30;2017-11-05;2017;10;44
1036;2017-11-06;2017-11-12;2017;11;45
1037;2017-11-13;2017-11-19;2017;11;46
1038;2017-11-20;2017-11-26;2017;11;47
1039;2017-11-27;2017-12-03;2017;11;48
1040;2017-12-04;2017-12-10;2017;12;49
1041;2017-12-11;2017-12-17;2017;12;50
1042;2017-12-18;2017-12-24;2017;12;51
1043;2017-12-25;2017-12-31;2017;12;52
1044;2018-01-01;2018-01-07;2018;1;1
1045;2018-01-08;2018-01-14;2018;1;2
1046;2018-01-15;2018-01-21;2018;1;3
1047;2018-01-22;2018-01-28;2018;1;4
1048;2018-01-29;2018-02-04;2018;1;5
1049;2018-02-05;2018-02-11;2018;2;6
1050;2018-02-12;2018-02-18;2018;2;7
1051;2018-02-19;2018-02-25;2018;2;8
1052;2018-02-26;2018-03-04;2018;2;9
1053;2018-03-05;2018-03-11;2018;3;10
1054;2018-03-12;2018-03-18;2018;3;11
1055;2018-03-19;2018-03-25;2018;3;12
1056;2018-03-26;2018-04-01;2018;3;13
1057;2018-04-02;2018-04-08;2018;4;14
1058;2018-04-09;2018-04-15;2018;4;15
1059;2018-04-16;2018-04-22;2018;4;16
1060;2018-04-23;2018-04-29;2018;4;17
1061;2018-04-30;2018-05-06;2018;4;18
1062;2018-05-07;2018-05-13;2018;5;19
1063;2018-05-14;2018-05-20;2018;5;20
1064;2018-05-21;2018-05-27;2018;5;21
1065;2018-05-28;2018-06-03;2018;5;22
1066;2018-06-04;2018-06-10;2018;6;23
1067;2018-06-11;2018-06-17;2018;6;24
1068;2018-06-18;2018-06-24;2018;6;25
1069;2018-06-25;2018-07-01;2018;6;26
1070;2018-07-02;2018-07-08;2018;7;27
1071;2018-07-09;2018-07-15;2018;7;28
1072;2018-07-16;2018-07-22;2018;7;29
1073;2018-07-23;2018-07-29;2018;7;30
1074;2018-07-30;2018-08-05;2018;7;31
1075;2018-08-06;2018-08-12;2018;8;32
1076;2018-08-13;2018-08-19;2018;8;33
1077;2018-08-20;2018-08-26;2018;8;34
1078;2018-08-27;2018-09-02;2018;8;35
1079;2018-09-03;2018-09-09;2018;9;36
1080;2018-09-10;2018-09-16;2018;9;37
1081;2018-09-17;2018-09-23;2018;9;38
1082;2018-09-24;2018-09-30;2018;9;39
1083;2018-10-01;2018-10-07;2018;10;40
1084;2018-10-08;2018-10-14;2018;10;41
1085;2018-10-15;2018-10-21;2018;10;42
1086;2018-10-22;2018-10-28;2018;10;43
1087;2018-10-29;2018-11-04;2018;10;44
1088;2018-11-05;2018-11-11;2018;11;45
1089;2018-11-12;2018-11-18;2018;11;46
1090;2018-11-19;2018-11-25;2018;11;47
1091;2018-11-26;2018-12-02;2018;11;48
1092;2018-12-03;2018-12-09;2018;12;49
1093;2018-12-10;2018-12-16;2018;12;50
1094;2018-12-17;2018-12-23;2018;12;51
1095;2018-12-24;2018-12-30;2018;12;52
1096;2018-12-31;2019-01-06;2018;12;53
1097;2019-01-07;2019-01-13;2019;1;2
1098;2019-01-14;2019-01-20;2019;1;3
1099;2019-01-21;2019-01-27;2019;1;4
1100;2019-01-28;2019-02-03;2019;1;5
1101;2019-02-04;2019-02-10;2019;2;6
1102;2019-02-11;2019-02-17;2019;2;7
1103;2019-02-18;2019-02-24;2019;2;8
1104;2019-02-25;2019-03-03;2019;2;9
1105;2019-03-04;2019-03-10;2019;3;10
1106;2019-03-11;2019-03-17;2019;3;11
1107;2019-03-18;2019-03-24;2019;3;12
1108;2019-03-25;2019-03-31;2019;3;13
1109;2019-04-01;2019-04-07;2019;4;14
1110;2019-04-08;2019-04-14;2019;4;15
1111;2019-04-15;2019-04-21;2019;4;16
1112;2019-04-22;2019-04-28;2019;4;17
1113;2019-04-29;2019-05-05;2019;4;18
1114;2019-05-06;2019-05-12;2019;5;19
1115;2019-05-13;2019-05-19;2019;5;20
1116;2019-05-20;2019-05-26;2019;5;21
1117;2019-05-27;2019-06-02;2019;5;22
1118;2019-06-03;2019-06-09;2019;6;23
1119;2019-06-10;2019-06-16;2019;6;24
1120;2019-06-17;2019-06-23;2019;6;25
1121;2019-06-24;2019-06-30;2019;6;26
1122;2019-07-01;2019-07-07;2019;7;27
1123;2019-07-08;2019-07-14;2019;7;28
1124;2019-07-15;2019-07-21;2019;7;29
1125;2019-07-22;2019-07-28;2019;7;30
1126;2019-07-29;2019-08-04;2019;7;31
1127;2019-08-05;2019-08-11;2019;8;32
1128;2019-08-12;2019-08-18;2019;8;33
1129;2019-08-19;2019-08-25;2019;8;34
1130;2019-08-26;2019-09-01;2019;8;35
1131;2019-09-02;2019-09-08;2019;9;36
1132;2019-09-09;2019-09-15;2019;9;37
1133;2019-09-16;2019-09-22;2019;9;38
1134;2019-09-23;2019-09-29;2019;9;39
1135;2019-09-30;2019-10-06;2019;9;40
1136;2019-10-07;2019-10-13;2019;10;41
1137;2019-10-14;2019-10-20;2019;10;42
1138;2019-10-21;2019-10-27;2019;10;43
1139;2019-10-28;2019-11-03;2019;10;44
1140;2019-11-04;2019-11-10;2019;11;45
1141;2019-11-11;2019-11-17;2019;11;46
1142;2019-11-18;2019-11-24;2019;11;47
1143;2019-11-25;2019-12-01;2019;11;48
1144;2019-12-02;2019-12-08;2019;12;49
1145;2019-12-09;2019-12-15;2019;12;50
1146;2019-12-16;2019-12-22;2019;12;51
1147;2019-12-23;2019-12-29;2019;12;52
1148;2019-12-30;2020-01-05;2019;12;53
1149;2020-01-06;2020-01-12;2020;1;2
1150;2020-01-13;2020-01-19;2020;1;3
1151;2020-01-20;2020-01-26;2020;1;4
1152;2020-01-27;2020-02-02;2020;1;5
1153;2020-02-03;2020-02-09;2020;2;6
1154;2020-02-10;2020-02-16;2020;2;7
1155;2020-02-17;2020-02-23;2020;2;8
1156;2020-02-24;2020-03-01;2020;2;9
1157;2020-03-02;2020-03-08;2020;3;10
1158;2020-03-09;2020-03-15;2020;3;11
1159;2020-03-16;2020-03-22;2020;3;12
1160;2020-03-23;2020-03-29;2020;3;13
1161;2020-03-30;2020-04-05;2020;3;14
1162;2020-04-06;2020-04-12;2020;4;15
1163;2020-04-13;2020-04-19;2020;4;16
1164;2020-04-20;2020-04-26;2020;4;17
1165;2020-04-27;2020-05-03;2020;4;18
1166;2020-05-04;2020-05-10;2020;5;19
1167;2020-05-11;2020-05-17;2020;5;20
1168;2020-05-18;2020-05-24;2020;5;21
1169;2020-05-25;2020-05-31;2020;5;22
1170;2020-06-01;2020-06-07;2020;6;23
1171;2020-06-08;2020-06-14;2020;6;24
1172;2020-06-15;2020-06-21;2020;6;25
1173;2020-06-22;2020-06-28;2020;6;26
1174;2020-06-29;2020-07-05;2020;6;27
1175;2020-07-06;2020-07-12;2020;7;28
1176;2020-07-13;2020-07-19;2020;7;29
1177;2020-07-20;2020-07-26;2020;7;30
1178;2020-07-27;2020-08-02;2020;7;31
1179;2020-08-03;2020-08-09;2020;8;32
1180;2020-08-10;2020-08-16;2020;8;33
1181;2020-08-17;2020-08-23;2020;8;34
1182;2020-08-24;2020-08-30;2020;8;35
1183;2020-08-31;2020-09-06;2020;8;36
1184;2020-09-07;2020-09-13;2020;9;37
1185;2020-09-14;2020-09-20;2020;9;38
1186;2020-09-21;2020-09-27;2020;9;39
1187;2020-09-28;2020-10-04;2020;9;40
1188;2020-10-05;2020-10-11;2020;10;41
1189;2020-10-12;2020-10-18;2020;10;42
1190;2020-10-19;2020-10-25;2020;10;43
1191;2020-10-26;2020-11-01;2020;10;44
1192;2020-11-02;2020-11-08;2020;11;45
1193;2020-11-09;2020-11-15;2020;11;46
1194;2020-11-16;2020-11-22;2020;11;47
1195;2020-11-23;2020-11-29;2020;11;48
1196;2020-11-30;2020-12-06;2020;11;49
1197;2020-12-07;2020-12-13;2020;12;50
1198;2020-12-14;2020-12-20;2020;12;51
1199;2020-12-21;2020-12-27;2020;12;52
1200;2020-12-28;2021-01-03;2020;12;53
1201;2021-01-04;2021-01-10;2021;1;2
1202;2021-01-11;2021-01-17;2021;1;3
1203;2021-01-18;2021-01-24;2021;1;4
1204;2021-01-25;2021-01-31;2021;1;5
1205;2021-02-01;2021-02-07;2021;2;6
1206;2021-02-08;2021-02-14;2021;2;7
1207;2021-02-15;2021-02-21;2021;2;8
1208;2021-02-22;2021-02-28;2021;2;9
1209;2021-03-01;2021-03-07;2021;3;10
1210;2021-03-08;2021-03-14;2021;3;11
1211;2021-03-15;2021-03-21;2021;3;12
1212;2021-03-22;2021-03-28;2021;3;13
1213;2021-03-29;2021-04-04;2021;3;14
1214;2021-04-05;2021-04-11;2021;4;15
1215;2021-04-12;2021-04-18;2021;4;16
1216;2021-04-19;2021-04-25;2021;4;17
1217;2021-04-26;2021-05-02;2021;4;18
1218;2021-05-03;2021-05-09;2021;5;19
1219;2021-05-10;2021-05-16;2021;5;20
1220;2021-05-17;2021-05-23;2021;5;21
1221;2021-05-24;2021-05-30;2021;5;22
1222;2021-05-31;2021-06-06;2021;5;23
1223;2021-06-07;2021-06-13;2021;6;24
1224;2021-06-14;2021-06-20;2021;6;25
1225;2021-06-21;2021-06-27;2021;6;26
1226;2021-06-28;2021-07-04;2021;6;27
1227;2021-07-05;2021-07-11;2021;7;28
1228;2021-07-12;2021-07-18;2021;7;29
1229;2021-07-19;2021-07-25;2021;7;30
1230;2021-07-26;2021-08-01;2021;7;31
1231;2021-08-02;2021-08-08;2021;8;32
1232;2021-08-09;2021-08-15;2021;8;33
1233;2021-08-16;2021-08-22;2021;8;34
1234;2021-08-23;2021-08-29;2021;8;35
1235;2021-08-30;2021-09-05;2021;8;36
1236;2021-09-06;2021-09-12;2021;9;37
1237;2021-09-13;2021-09-19;2021;9;38
1238;2021-09-20;2021-09-26;2021;9;39
1239;2021-09-27;2021-10-03;2021;9;40
1240;2021-10-04;2021-10-10;2021;10;41
1241;2021-10-11;2021-10-17;2021;10;42
1242;2021-10-18;2021-10-24;2021;10;43
1243;2021-10-25;2021-10-31;2021;10;44
1244;2021-11-01;2021-11-07;2021;11;45
1245;2021-11-08;2021-11-14;2021;11;46
1246;2021-11-15;2021-11-21;2021;11;47
1247;2021-11-22;2021-11-28;2021;11;48
1248;2021-11-29;2021-12-05;2021;11;49
1249;2021-12-06;2021-12-12;2021;12;50
1250;2021-12-13;2021-12-19;2021;12;51
1251;2021-12-20;2021-12-26;2021;12;52
1252;2021-12-27;2022-01-02;2021;12;53
1253;2022-01-03;2022-01-09;2022;1;2
1254;2022-01-10;2022-01-16;2022;1;3
1255;2022-01-17;2022-01-23;2022;1;4
1256;2022-01-24;2022-01-30;2022;1;5
1257;2022-01-31;2022-02-06;2022;1;6
1258;2022-02-07;2022-02-13;2022;2;7
1259;2022-02-14;2022-02-20;2022;2;8
1260;2022-02-21;2022-02-27;2022;2;9
1261;2022-02-28;2022-03-06;2022;2;10
1262;2022-03-07;2022-03-13;2022;3;11
1263;2022-03-14;2022-03-20;2022;3;12
1264;2022-03-21;2022-03-27;2022;3;13
1265;2022-03-28;2022-04-03;2022;3;14
1266;2022-04-04;2022-04-10;2022;4;15
1267;2022-04-11;2022-04-17;2022;4;16
1268;2022-04-18;2022-04-24;2022;4;17
1269;2022-04-25;2022-05-01;2022;4;18
1270;2022-05-02;2022-05-08;2022;5;19
1271;2022-05-09;2022-05-15;2022;5;20
1272;2022-05-16;2022-05-22;2022;5;21
1273;2022-05-23;2022-05-29;2022;5;22
1274;2022-05-30;2022-06-05;2022;5;23
1275;2022-06-06;2022-06-12;2022;6;24
1276;2022-06-13;2022-06-19;2022;6;25
1277;2022-06-20;2022-06-26;2022;6;26
1278;2022-06-27;2022-07-03;2022;6;27
1279;2022-07-04;2022-07-10;2022;7;28
1280;2022-07-11;2022-07-17;2022;7;29
1281;2022-07-18;2022-07-24;2022;7;30
1282;2022-07-25;2022-07-31;2022;7;31
1283;2022-08-01;2022-08-07;2022;8;32
1284;2022-08-08;2022-08-14;2022;8;33
1285;2022-08-15;2022-08-21;2022;8;34
1286;2022-08-22;2022-08-28;2022;8;35
1287;2022-08-29;2022-09-04;2022;8;36
1288;2022-09-05;2022-09-11;2022;9;37
1289;2022-09-12;2022-09-18;2022;9;38
1290;2022-09-19;2022-09-25;2022;9;39
1291;2022-09-26;2022-10-02;2022;9;40
1292;2022-10-03;2022-10-09;2022;10;41
1293;2022-10-10;2022-10-16;2022;10;42
1294;2022-10-17;2022-10-23;2022;10;43
1295;2022-10-24;2022-10-30;2022;10;44
1296;2022-10-31;2022-11-06;2022;10;45
1297;2022-11-07;2022-11-13;2022;11;46
1298;2022-11-14;2022-11-20;2022;11;47
1299;2022-11-21;2022-11-27;2022;11;48
1300;2022-11-28;2022-12-04;2022;11;49
1301;2022-12-05;2022-12-11;2022;12;50
1302;2022-12-12;2022-12-18;2022;12;51
1303;2022-12-19;2022-12-25;2022;12;52
1304;2022-12-26;2023-01-01;2022;12;53
1305;2023-01-02;2023-01-08;2023;1;1
1306;2023-01-09;2023-01-15;2023;1;2
1307;2023-01-16;2023-01-22;2023;1;3
1308;2023-01-23;2023-01-29;2023;1;4
1309;2023-01-30;2023-02-05;2023;1;5
1310;2023-02-06;2023-02-12;2023;2;6
1311;2023-02-13;2023-02-19;2023;2;7
1312;2023-02-20;2023-02-26;2023;2;8
1313;2023-02-27;2023-03-05;2023;2;9
1314;2023-03-06;2023-03-12;2023;3;10
1315;2023-03-13;2023-03-19;2023;3;11
1316;2023-03-20;2023-03-26;2023;3;12
1317;2023-03-27;2023-04-02;2023;3;13
1318;2023-04-03;2023-04-09;2023;4;14
1319;2023-04-10;2023-04-16;2023;4;15
1320;2023-04-17;2023-04-23;2023;4;16
1321;2023-04-24;2023-04-30;2023;4;17
1322;2023-05-01;2023-05-07;2023;5;18
1323;2023-05-08;2023-05-14;2023;5;19
1324;2023-05-15;2023-05-21;2023;5;20
1325;2023-05-22;2023-05-28;2023;5;21
1326;2023-05-29;2023-06-04;2023;5;22
1327;2023-06-05;2023-06-11;2023;6;23
1328;2023-06-12;2023-06-18;2023;6;24
1329;2023-06-19;2023-06-25;2023;6;25
1330;2023-06-26;2023-07-02;2023;6;26
1331;2023-07-03;2023-07-09;2023;7;27
1332;2023-07-10;2023-07-16;2023;7;28
1333;2023-07-17;2023-07-23;2023;7;29
1334;2023-07-24;2023-07-30;2023;7;30
1335;2023-07-31;2023-08-06;2023;7;31
1336;2023-08-07;2023-08-13;2023;8;32
1337;2023-08-14;2023-08-20;2023;8;33
1338;2023-08-21;2023-08-27;2023;8;34
1339;2023-08-28;2023-09-03;2023;8;35
1340;2023-09-04;2023-09-10;2023;9;36
1341;2023-09-11;2023-09-17;2023;9;37
1342;2023-09-18;2023-09-24;2023;9;38
1343;2023-09-25;2023-10-01;2023;9;39
1344;2023-10-02;2023-10-08;2023;10;40
1345;2023-10-09;2023-10-15;2023;10;41
1346;2023-10-16;2023-10-22;2023;10;42
1347;2023-10-23;2023-10-29;2023;10;43
1348;2023-10-30;2023-11-05;2023;10;44
1349;2023-11-06;2023-11-12;2023;11;45
1350;2023-11-13;2023-11-19;2023;11;46
1351;2023-11-20;2023-11-26;2023;11;47
1352;2023-11-27;2023-12-03;2023;11;48
1353;2023-12-04;2023-12-10;2023;12;49
1354;2023-12-11;2023-12-17;2023;12;50
1355;2023-12-18;2023-12-24;2023;12;51
1356;2023-12-25;2023-12-31;2023;12;52
1357;2024-01-01;2024-01-07;2024;1;1
1358;2024-01-08;2024-01-14;2024;1;2
1359;2024-01-15;2024-01-21;2024;1;3
1360;2024-01-22;2024-01-28;2024;1;4
1361;2024-01-29;2024-02-04;2024;1;5
1362;2024-02-05;2024-02-11;2024;2;6
1363;2024-02-12;2024-02-18;2024;2;7
1364;2024-02-19;2024-02-25;2024;2;8
1365;2024-02-26;2024-03-03;2024;2;9
1366;2024-03-04;2024-03-10;2024;3;10
1367;2024-03-11;2024-03-17;2024;3;11
1368;2024-03-18;2024-03-24;2024;3;12
1369;2024-03-25;2024-03-31;2024;3;13
1370;2024-04-01;2024-04-07;2024;4;14
1371;2024-04-08;2024-04-14;2024;4;15
1372;2024-04-15;2024-04-21;2024;4;16
1373;2024-04-22;2024-04-28;2024;4;17
1374;2024-04-29;2024-05-05;2024;4;18
1375;2024-05-06;2024-05-12;2024;5;19
1376;2024-05-13;2024-05-19;2024;5;20
1377;2024-05-20;2024-05-26;2024;5;21
1378;2024-05-27;2024-06-02;2024;5;22
1379;2024-06-03;2024-06-09;2024;6;23
1380;2024-06-10;2024-06-16;2024;6;24
1381;2024-06-17;2024-06-23;2024;6;25
1382;2024-06-24;2024-06-30;2024;6;26
1383;2024-07-01;2024-07-07;2024;7;27
1384;2024-07-08;2024-07-14;2024;7;28
1385;2024-07-15;2024-07-21;2024;7;29
1386;2024-07-22;2024-07-28;2024;7;30
1387;2024-07-29;2024-08-04;2024;7;31
1388;2024-08-05;2024-08-11;2024;8;32
1389;2024-08-12;2024-08-18;2024;8;33
1390;2024-08-19;2024-08-25;2024;8;34
1391;2024-08-26;2024-09-01;2024;8;35
1392;2024-09-02;2024-09-08;2024;9;36
1393;2024-09-09;2024-09-15;2024;9;37
1394;2024-09-16;2024-09-22;2024;9;38
1395;2024-09-23;2024-09-29;2024;9;39
1396;2024-09-30;2024-10-06;2024;9;40
1397;2024-10-07;2024-10-13;2024;10;41
1398;2024-10-14;2024-10-20;2024;10;42
1399;2024-10-21;2024-10-27;2024;10;43
1400;2024-10-28;2024-11-03;2024;10;44
1401;2024-11-04;2024-11-10;2024;11;45
1402;2024-11-11;2024-11-17;2024;11;46
1403;2024-11-18;2024-11-24;2024;11;47
1404;2024-11-25;2024-12-01;2024;11;48
1405;2024-12-02;2024-12-08;2024;12;49
1406;2024-12-09;2024-12-15;2024;12;50
1407;2024-12-16;2024-12-22;2024;12;51
1408;2024-12-23;2024-12-29;2024;12;52
1409;2024-12-30;2025-01-05;2024;12;53
1410;2025-01-06;2025-01-12;2025;1;2
1411;2025-01-13;2025-01-19;2025;1;3
1412;2025-01-20;2025-01-26;2025;1;4
1413;2025-01-27;2025-02-02;2025;1;5
1414;2025-02-03;2025-02-09;2025;2;6
1415;2025-02-10;2025-02-16;2025;2;7
1416;2025-02-17;2025-02-23;2025;2;8
1417;2025-02-24;2025-03-02;2025;2;9
1418;2025-03-03;2025-03-09;2025;3;10
1419;2025-03-10;2025-03-16;2025;3;11
1420;2025-03-17;2025-03-23;2025;3;12
1421;2025-03-24;2025-03-30;2025;3;13
1422;2025-03-31;2025-04-06;2025;3;14
1423;2025-04-07;2025-04-13;2025;4;15
1424;2025-04-14;2025-04-20;2025;4;16
1425;2025-04-21;2025-04-27;2025;4;17
1426;2025-04-28;2025-05-04;2025;4;18
1427;2025-05-05;2025-05-11;2025;5;19
1428;2025-05-12;2025-05-18;2025;5;20
1429;2025-05-19;2025-05-25;2025;5;21
1430;2025-05-26;2025-06-01;2025;5;22
1431;2025-06-02;2025-06-08;2025;6;23
1432;2025-06-09;2025-06-15;2025;6;24
1433;2025-06-16;2025-06-22;2025;6;25
1434;2025-06-23;2025-06-29;2025;6;26
1435;2025-06-30;2025-07-06;2025;6;27
1436;2025-07-07;2025-07-13;2025;7;28
1437;2025-07-14;2025-07-20;2025;7;29
1438;2025-07-21;2025-07-27;2025;7;30
1439;2025-07-28;2025-08-03;2025;7;31
1440;2025-08-04;2025-08-10;2025;8;32
1441;2025-08-11;2025-08-17;2025;8;33
1442;2025-08-18;2025-08-24;2025;8;34
1443;2025-08-25;2025-08-31;2025;8;35
1444;2025-09-01;2025-09-07;2025;9;36
1445;2025-09-08;2025-09-14;2025;9;37
1446;2025-09-15;2025-09-21;2025;9;38
1447;2025-09-22;2025-09-28;2025;9;39
1448;2025-09-29;2025-10-05;2025;9;40
1449;2025-10-06;2025-10-12;2025;10;41
1450;2025-10-13;2025-10-19;2025;10;42
1451;2025-10-20;2025-10-26;2025;10;43
1452;2025-10-27;2025-11-02;2025;10;44
1453;2025-11-03;2025-11-09;2025;11;45
1454;2025-11-10;2025-11-16;2025;11;46
1455;2025-11-17;2025-11-23;2025;11;47
1456;2025-11-24;2025-11-30;2025;11;48
1457;2025-12-01;2025-12-07;2025;12;49
1458;2025-12-08;2025-12-14;2025;12;50
1459;2025-12-15;2025-12-21;2025;12;51
1460;2025-12-22;2025-12-28;2025;12;52
1461;2025-12-29;2026-01-04;2025;12;53
1462;2026-01-05;2026-01-11;2026;1;2
1463;2026-01-12;2026-01-18;2026;1;3
1464;2026-01-19;2026-01-25;2026;1;4
1465;2026-01-26;2026-02-01;2026;1;5
1466;2026-02-02;2026-02-08;2026;2;6
1467;2026-02-09;2026-02-15;2026;2;7
1468;2026-02-16;2026-02-22;2026;2;8
1469;2026-02-23;2026-03-01;2026;2;9
1470;2026-03-02;2026-03-08;2026;3;10
1471;2026-03-09;2026-03-15;2026;3;11
1472;2026-03-16;2026-03-22;2026;3;12
1473;2026-03-23;2026-03-29;2026;3;13
1474;2026-03-30;2026-04-05;2026;3;14
1475;2026-04-06;2026-04-12;2026;4;15
1476;2026-04-13;2026-04-19;2026;4;16
1477;2026-04-20;2026-04-26;2026;4;17
1478;2026-04-27;2026-05-03;2026;4;18
1479;2026-05-04;2026-05-10;2026;5;19
1480;2026-05-11;2026-05-17;2026;5;20
1481;2026-05-18;2026-05-24;2026;5;21
1482;2026-05-25;2026-05-31;2026;5;22
1483;2026-06-01;2026-06-07;2026;6;23
1484;2026-06-08;2026-06-14;2026;6;24
1485;2026-06-15;2026-06-21;2026;6;25
1486;2026-06-22;2026-06-28;2026;6;26
1487;2026-06-29;2026-07-05;2026;6;27
1488;2026-07-06;2026-07-12;2026;7;28
1489;2026-07-13;2026-07-19;2026;7;29
1490;2026-07-20;2026-07-26;2026;7;30
1491;2026-07-27;2026-08-02;2026;7;31
1492;2026-08-03;2026-08-09;2026;8;32
1493;2026-08-10;2026-08-16;2026;8;33
1494;2026-08-17;2026-08-23;2026;8;34
1495;2026-08-24;2026-08-30;2026;8;35
1496;2026-08-31;2026-09-06;2026;8;36
1497;2026-09-07;2026-09-13;2026;9;37
1498;2026-09-14;2026-09-20;2026;9;38
1499;2026-09-21;2026-09-27;2026;9;39
1500;2026-09-28;2026-10-04;2026;9;40
1501;2026-10-05;2026-10-11;2026;10;41
1502;2026-10-12;2026-10-18;2026;10;42
1503;2026-10-19;2026-10-25;2026;10;43
1504;2026-10-26;2026-11-01;2026;10;44
1505;2026-11-02;2026-11-08;2026;11;45
1506;2026-11-09;2026-11-15;2026;11;46
1507;2026-11-16;2026-11-22;2026;11;47
1508;2026-11-23;2026-11-29;2026;11;48
1509;2026-11-30;2026-12-06;2026;11;49
1510;2026-12-07;2026-12-13;2026;12;50
1511;2026-12-14;2026-12-20;2026;12;51
1512;2026-12-21;2026-12-27;2026;12;52
1513;2026-12-28;2027-01-03;2026;12;53
1514;2027-01-04;2027-01-10;2027;1;2
1515;2027-01-11;2027-01-17;2027;1;3
1516;2027-01-18;2027-01-24;2027;1;4
1517;2027-01-25;2027-01-31;2027;1;5
1518;2027-02-01;2027-02-07;2027;2;6
1519;2027-02-08;2027-02-14;2027;2;7
1520;2027-02-15;2027-02-21;2027;2;8
1521;2027-02-22;2027-02-28;2027;2;9
1522;2027-03-01;2027-03-07;2027;3;10
1523;2027-03-08;2027-03-14;2027;3;11
1524;2027-03-15;2027-03-21;2027;3;12
1525;2027-03-22;2027-03-28;2027;3;13
1526;2027-03-29;2027-04-04;2027;3;14
1527;2027-04-05;2027-04-11;2027;4;15
1528;2027-04-12;2027-04-18;2027;4;16
1529;2027-04-19;2027-04-25;2027;4;17
1530;2027-04-26;2027-05-02;2027;4;18
1531;2027-05-03;2027-05-09;2027;5;19
1532;2027-05-10;2027-05-16;2027;5;20
1533;2027-05-17;2027-05-23;2027;5;21
1534;2027-05-24;2027-05-30;2027;5;22
1535;2027-05-31;2027-06-06;2027;5;23
1536;2027-06-07;2027-06-13;2027;6;24
1537;2027-06-14;2027-06-20;2027;6;25
1538;2027-06-21;2027-06-27;2027;6;26
1539;2027-06-28;2027-07-04;2027;6;27
1540;2027-07-05;2027-07-11;2027;7;28
1541;2027-07-12;2027-07-18;2027;7;29
1542;2027-07-19;2027-07-25;2027;7;30
1543;2027-07-26;2027-08-01;2027;7;31
1544;2027-08-02;2027-08-08;2027;8;32
1545;2027-08-09;2027-08-15;2027;8;33
1546;2027-08-16;2027-08-22;2027;8;34
1547;2027-08-23;2027-08-29;2027;8;35
1548;2027-08-30;2027-09-05;2027;8;36
1549;2027-09-06;2027-09-12;2027;9;37
1550;2027-09-13;2027-09-19;2027;9;38
1551;2027-09-20;2027-09-26;2027;9;39
1552;2027-09-27;2027-10-03;2027;9;40
1553;2027-10-04;2027-10-10;2027;10;41
1554;2027-10-11;2027-10-17;2027;10;42
1555;2027-10-18;2027-10-24;2027;10;43
1556;2027-10-25;2027-10-31;2027;10;44
1557;2027-11-01;2027-11-07;2027;11;45
1558;2027-11-08;2027-11-14;2027;11;46
1559;2027-11-15;2027-11-21;2027;11;47
1560;2027-11-22;2027-11-28;2027;11;48
1561;2027-11-29;2027-12-05;2027;11;49
1562;2027-12-06;2027-12-12;2027;12;50
1563;2027-12-13;2027-12-19;2027;12;51
1564;2027-12-20;2027-12-26;2027;12;52
1565;2027-12-27;2028-01-02;2027;12;53
1566;2028-01-03;2028-01-09;2028;1;2
1567;2028-01-10;2028-01-16;2028;1;3
1568;2028-01-17;2028-01-23;2028;1;4
1569;2028-01-24;2028-01-30;2028;1;5
1570;2028-01-31;2028-02-06;2028;1;6
1571;2028-02-07;2028-02-13;2028;2;7
1572;2028-02-14;2028-02-20;2028;2;8
1573;2028-02-21;2028-02-27;2028;2;9
1574;2028-02-28;2028-03-05;2028;2;10
1575;2028-03-06;2028-03-12;2028;3;11
1576;2028-03-13;2028-03-19;2028;3;12
1577;2028-03-20;2028-03-26;2028;3;13
1578;2028-03-27;2028-04-02;2028;3;14
1579;2028-04-03;2028-04-09;2028;4;15
1580;2028-04-10;2028-04-16;2028;4;16
1581;2028-04-17;2028-04-23;2028;4;17
1582;2028-04-24;2028-04-30;2028;4;18
1583;2028-05-01;2028-05-07;2028;5;19
1584;2028-05-08;2028-05-14;2028;5;20
1585;2028-05-15;2028-05-21;2028;5;21
1586;2028-05-22;2028-05-28;2028;5;22
1587;2028-05-29;2028-06-04;2028;5;23
1588;2028-06-05;2028-06-11;2028;6;24
1589;2028-06-12;2028-06-18;2028;6;25
1590;2028-06-19;2028-06-25;2028;6;26
1591;2028-06-26;2028-07-02;2028;6;27
1592;2028-07-03;2028-07-09;2028;7;28
1593;2028-07-10;2028-07-16;2028;7;29
1594;2028-07-17;2028-07-23;2028;7;30
1595;2028-07-24;2028-07-30;2028;7;31
1596;2028-07-31;2028-08-06;2028;7;32
1597;2028-08-07;2028-08-13;2028;8;33
1598;2028-08-14;2028-08-20;2028;8;34
1599;2028-08-21;2028-08-27;2028;8;35
1600;2028-08-28;2028-09-03;2028;8;36
1601;2028-09-04;2028-09-10;2028;9;37
1602;2028-09-11;2028-09-17;2028;9;38
1603;2028-09-18;2028-09-24;2028;9;39
1604;2028-09-25;2028-10-01;2028;9;40
1605;2028-10-02;2028-10-08;2028;10;41
1606;2028-10-09;2028-10-15;2028;10;42
1607;2028-10-16;2028-10-22;2028;10;43
1608;2028-10-23;2028-10-29;2028;10;44
1609;2028-10-30;2028-11-05;2028;10;45
1610;2028-11-06;2028-11-12;2028;11;46
1611;2028-11-13;2028-11-19;2028;11;47
1612;2028-11-20;2028-11-26;2028;11;48
1613;2028-11-27;2028-12-03;2028;11;49
1614;2028-12-04;2028-12-10;2028;12;50
1615;2028-12-11;2028-12-17;2028;12;51
1616;2028-12-18;2028-12-24;2028;12;52
1617;2028-12-25;2028-12-31;2028;12;53
1618;2029-01-01;2029-01-07;2029;1;1
1619;2029-01-08;2029-01-14;2029;1;2
1620;2029-01-15;2029-01-21;2029;1;3
1621;2029-01-22;2029-01-28;2029;1;4
1622;2029-01-29;2029-02-04;2029;1;5
1623;2029-02-05;2029-02-11;2029;2;6
1624;2029-02-12;2029-02-18;2029;2;7
1625;2029-02-19;2029-02-25;2029;2;8
1626;2029-02-26;2029-03-04;2029;2;9
1627;2029-03-05;2029-03-11;2029;3;10
1628;2029-03-12;2029-03-18;2029;3;11
1629;2029-03-19;2029-03-25;2029;3;12
1630;2029-03-26;2029-04-01;2029;3;13
1631;2029-04-02;2029-04-08;2029;4;14
1632;2029-04-09;2029-04-15;2029;4;15
1633;2029-04-16;2029-04-22;2029;4;16
1634;2029-04-23;2029-04-29;2029;4;17
1635;2029-04-30;2029-05-06;2029;4;18
1636;2029-05-07;2029-05-13;2029;5;19
1637;2029-05-14;2029-05-20;2029;5;20
1638;2029-05-21;2029-05-27;2029;5;21
1639;2029-05-28;2029-06-03;2029;5;22
1640;2029-06-04;2029-06-10;2029;6;23
1641;2029-06-11;2029-06-17;2029;6;24
1642;2029-06-18;2029-06-24;2029;6;25
1643;2029-06-25;2029-07-01;2029;6;26
1644;2029-07-02;2029-07-08;2029;7;27
1645;2029-07-09;2029-07-15;2029;7;28
1646;2029-07-16;2029-07-22;2029;7;29
1647;2029-07-23;2029-07-29;2029;7;30
1648;2029-07-30;2029-08-05;2029;7;31
1649;2029-08-06;2029-08-12;2029;8;32
1650;2029-08-13;2029-08-19;2029;8;33
1651;2029-08-20;2029-08-26;2029;8;34
1652;2029-08-27;2029-09-02;2029;8;35
1653;2029-09-03;2029-09-09;2029;9;36
1654;2029-09-10;2029-09-16;2029;9;37
1655;2029-09-17;2029-09-23;2029;9;38
1656;2029-09-24;2029-09-30;2029;9;39
1657;2029-10-01;2029-10-07;2029;10;40
1658;2029-10-08;2029-10-14;2029;10;41
1659;2029-10-15;2029-10-21;2029;10;42
1660;2029-10-22;2029-10-28;2029;10;43
1661;2029-10-29;2029-11-04;2029;10;44
1662;2029-11-05;2029-11-11;2029;11;45
1663;2029-11-12;2029-11-18;2029;11;46
1664;2029-11-19;2029-11-25;2029;11;47
1665;2029-11-26;2029-12-02;2029;11;48
1666;2029-12-03;2029-12-09;2029;12;49
1667;2029-12-10;2029-12-16;2029;12;50
1668;2029-12-17;2029-12-23;2029;12;51
1669;2029-12-24;2029-12-30;2029;12;52
1670;2029-12-31;2030-01-06;2029;12;53
1671;2030-01-07;2030-01-13;2030;1;2
1672;2030-01-14;2030-01-20;2030;1;3
1673;2030-01-21;2030-01-27;2030;1;4
1674;2030-01-28;2030-02-03;2030;1;5
1675;2030-02-04;2030-02-10;2030;2;6
1676;2030-02-11;2030-02-17;2030;2;7
1677;2030-02-18;2030-02-24;2030;2;8
1678;2030-02-25;2030-03-03;2030;2;9
1679;2030-03-04;2030-03-10;2030;3;10
1680;2030-03-11;2030-03-17;2030;3;11
1681;2030-03-18;2030-03-24;2030;3;12
1682;2030-03-25;2030-03-31;2030;3;13
1683;2030-04-01;2030-04-07;2030;4;14
1684;2030-04-08;2030-04-14;2030;4;15
1685;2030-04-15;2030-04-21;2030;4;16
1686;2030-04-22;2030-04-28;2030;4;17
1687;2030-04-29;2030-05-05;2030;4;18
1688;2030-05-06;2030-05-12;2030;5;19
1689;2030-05-13;2030-05-19;2030;5;20
1690;2030-05-20;2030-05-26;2030;5;21
1691;2030-05-27;2030-06-02;2030;5;22
1692;2030-06-03;2030-06-09;2030;6;23
1693;2030-06-10;2030-06-16;2030;6;24
1694;2030-06-17;2030-06-23;2030;6;25
1695;2030-06-24;2030-06-30;2030;6;26
1696;2030-07-01;2030-07-07;2030;7;27
1697;2030-07-08;2030-07-14;2030;7;28
1698;2030-07-15;2030-07-21;2030;7;29
1699;2030-07-22;2030-07-28;2030;7;30
1700;2030-07-29;2030-08-04;2030;7;31
1701;2030-08-05;2030-08-11;2030;8;32
1702;2030-08-12;2030-08-18;2030;8;33
1703;2030-08-19;2030-08-25;2030;8;34
1704;2030-08-26;2030-09-01;2030;8;35
1705;2030-09-02;2030-09-08;2030;9;36
1706;2030-09-09;2030-09-15;2030;9;37
1707;2030-09-16;2030-09-22;2030;9;38
1708;2030-09-23;2030-09-29;2030;9;39
1709;2030-09-30;2030-10-06;2030;9;40
1710;2030-10-07;2030-10-13;2030;10;41
1711;2030-10-14;2030-10-20;2030;10;42
1712;2030-10-21;2030-10-27;2030;10;43
1713;2030-10-28;2030-11-03;2030;10;44
1714;2030-11-04;2030-11-10;2030;11;45
1715;2030-11-11;2030-11-17;2030;11;46
1716;2030-11-18;2030-11-24;2030;11;47
1717;2030-11-25;2030-12-01;2030;11;48
1718;2030-12-02;2030-12-08;2030;12;49
1719;2030-12-09;2030-12-15;2030;12;50
1720;2030-12-16;2030-12-22;2030;12;51
1721;2030-12-23;2030-12-29;2030;12;52
1722;2030-12-30;2031-01-05;2030;12;53
1723;2031-01-06;2031-01-12;2031;1;2
1724;2031-01-13;2031-01-19;2031;1;3
1725;2031-01-20;2031-01-26;2031;1;4
1726;2031-01-27;2031-02-02;2031;1;5
1727;2031-02-03;2031-02-09;2031;2;6
1728;2031-02-10;2031-02-16;2031;2;7
1729;2031-02-17;2031-02-23;2031;2;8
1730;2031-02-24;2031-03-02;2031;2;9
1731;2031-03-03;2031-03-09;2031;3;10
1732;2031-03-10;2031-03-16;2031;3;11
1733;2031-03-17;2031-03-23;2031;3;12
1734;2031-03-24;2031-03-30;2031;3;13
1735;2031-03-31;2031-04-06;2031;3;14
1736;2031-04-07;2031-04-13;2031;4;15
1737;2031-04-14;2031-04-20;2031;4;16
1738;2031-04-21;2031-04-27;2031;4;17
1739;2031-04-28;2031-05-04;2031;4;18
1740;2031-05-05;2031-05-11;2031;5;19
1741;2031-05-12;2031-05-18;2031;5;20
1742;2031-05-19;2031-05-25;2031;5;21
1743;2031-05-26;2031-06-01;2031;5;22
1744;2031-06-02;2031-06-08;2031;6;23
1745;2031-06-09;2031-06-15;2031;6;24
1746;2031-06-16;2031-06-22;2031;6;25
1747;2031-06-23;2031-06-29;2031;6;26
1748;2031-06-30;2031-07-06;2031;6;27
1749;2031-07-07;2031-07-13;2031;7;28
1750;2031-07-14;2031-07-20;2031;7;29
1751;2031-07-21;2031-07-27;2031;7;30
1752;2031-07-28;2031-08-03;2031;7;31
1753;2031-08-04;2031-08-10;2031;8;32
1754;2031-08-11;2031-08-17;2031;8;33
1755;2031-08-18;2031-08-24;2031;8;34
1756;2031-08-25;2031-08-31;2031;8;35
1757;2031-09-01;2031-09-07;2031;9;36
1758;2031-09-08;2031-09-14;2031;9;37
1759;2031-09-15;2031-09-21;2031;9;38
1760;2031-09-22;2031-09-28;2031;9;39
1761;2031-09-29;2031-10-05;2031;9;40
1762;2031-10-06;2031-10-12;2031;10;41
1763;2031-10-13;2031-10-19;2031;10;42
1764;2031-10-20;2031-10-26;2031;10;43
1765;2031-10-27;2031-11-02;2031;10;44
1766;2031-11-03;2031-11-09;2031;11;45
1767;2031-11-10;2031-11-16;2031;11;46
1768;2031-11-17;2031-11-23;2031;11;47
1769;2031-11-24;2031-11-30;2031;11;48
1770;2031-12-01;2031-12-07;2031;12;49
1771;2031-12-08;2031-12-14;2031;12;50
1772;2031-12-15;2031-12-21;2031;12;51
1773;2031-12-22;2031-12-28;2031;12;52
1774;2031-12-29;2032-01-04;2031;12;53
1775;2032-01-05;2032-01-11;2032;1;2
1776;2032-01-12;2032-01-18;2032;1;3
1777;2032-01-19;2032-01-25;2032;1;4
1778;2032-01-26;2032-02-01;2032;1;5
1779;2032-02-02;2032-02-08;2032;2;6
1780;2032-02-09;2032-02-15;2032;2;7
1781;2032-02-16;2032-02-22;2032;2;8
1782;2032-02-23;2032-02-29;2032;2;9
1783;2032-03-01;2032-03-07;2032;3;10
1784;2032-03-08;2032-03-14;2032;3;11
1785;2032-03-15;2032-03-21;2032;3;12
1786;2032-03-22;2032-03-28;2032;3;13
1787;2032-03-29;2032-04-04;2032;3;14
1788;2032-04-05;2032-04-11;2032;4;15
1789;2032-04-12;2032-04-18;2032;4;16
1790;2032-04-19;2032-04-25;2032;4;17
1791;2032-04-26;2032-05-02;2032;4;18
1792;2032-05-03;2032-05-09;2032;5;19
1793;2032-05-10;2032-05-16;2032;5;20
1794;2032-05-17;2032-05-23;2032;5;21
1795;2032-05-24;2032-05-30;2032;5;22
1796;2032-05-31;2032-06-06;2032;5;23
1797;2032-06-07;2032-06-13;2032;6;24
1798;2032-06-14;2032-06-20;2032;6;25
1799;2032-06-21;2032-06-27;2032;6;26
1800;2032-06-28;2032-07-04;2032;6;27
1801;2032-07-05;2032-07-11;2032;7;28
1802;2032-07-12;2032-07-18;2032;7;29
1803;2032-07-19;2032-07-25;2032;7;30
1804;2032-07-26;2032-08-01;2032;7;31
1805;2032-08-02;2032-08-08;2032;8;32
1806;2032-08-09;2032-08-15;2032;8;33
1807;2032-08-16;2032-08-22;2032;8;34
1808;2032-08-23;2032-08-29;2032;8;35
1809;2032-08-30;2032-09-05;2032;8;36
1810;2032-09-06;2032-09-12;2032;9;37
1811;2032-09-13;2032-09-19;2032;9;38
1812;2032-09-20;2032-09-26;2032;9;39
1813;2032-09-27;2032-10-03;2032;9;40
1814;2032-10-04;2032-10-10;2032;10;41
1815;2032-10-11;2032-10-17;2032;10;42
1816;2032-10-18;2032-10-24;2032;10;43
1817;2032-10-25;2032-10-31;2032;10;44
1818;2032-11-01;2032-11-07;2032;11;45
1819;2032-11-08;2032-11-14;2032;11;46
1820;2032-11-15;2032-11-21;2032;11;47
1821;2032-11-22;2032-11-28;2032;11;48
1822;2032-11-29;2032-12-05;2032;11;49
1823;2032-12-06;2032-12-12;2032;12;50
1824;2032-12-13;2032-12-19;2032;12;51
1825;2032-12-20;2032-12-26;2032;12;52
1826;2032-12-27;2033-01-02;2032;12;53
1827;2033-01-03;2033-01-09;2033;1;2
1828;2033-01-10;2033-01-16;2033;1;3
1829;2033-01-17;2033-01-23;2033;1;4
1830;2033-01-24;2033-01-30;2033;1;5
1831;2033-01-31;2033-02-06;2033;1;6
1832;2033-02-07;2033-02-13;2033;2;7
1833;2033-02-14;2033-02-20;2033;2;8
1834;2033-02-21;2033-02-27;2033;2;9
1835;2033-02-28;2033-03-06;2033;2;10
1836;2033-03-07;2033-03-13;2033;3;11
1837;2033-03-14;2033-03-20;2033;3;12
1838;2033-03-21;2033-03-27;2033;3;13
1839;2033-03-28;2033-04-03;2033;3;14
1840;2033-04-04;2033-04-10;2033;4;15
1841;2033-04-11;2033-04-17;2033;4;16
1842;2033-04-18;2033-04-24;2033;4;17
1843;2033-04-25;2033-05-01;2033;4;18
1844;2033-05-02;2033-05-08;2033;5;19
1845;2033-05-09;2033-05-15;2033;5;20
1846;2033-05-16;2033-05-22;2033;5;21
1847;2033-05-23;2033-05-29;2033;5;22
1848;2033-05-30;2033-06-05;2033;5;23
1849;2033-06-06;2033-06-12;2033;6;24
1850;2033-06-13;2033-06-19;2033;6;25
1851;2033-06-20;2033-06-26;2033;6;26
1852;2033-06-27;2033-07-03;2033;6;27
1853;2033-07-04;2033-07-10;2033;7;28
1854;2033-07-11;2033-07-17;2033;7;29
1855;2033-07-18;2033-07-24;2033;7;30
1856;2033-07-25;2033-07-31;2033;7;31
1857;2033-08-01;2033-08-07;2033;8;32
1858;2033-08-08;2033-08-14;2033;8;33
1859;2033-08-15;2033-08-21;2033;8;34
1860;2033-08-22;2033-08-28;2033;8;35
1861;2033-08-29;2033-09-04;2033;8;36
1862;2033-09-05;2033-09-11;2033;9;37
1863;2033-09-12;2033-09-18;2033;9;38
1864;2033-09-19;2033-09-25;2033;9;39
1865;2033-09-26;2033-10-02;2033;9;40
1866;2033-10-03;2033-10-09;2033;10;41
1867;2033-10-10;2033-10-16;2033;10;42
1868;2033-10-17;2033-10-23;2033;10;43
1869;2033-10-24;2033-10-30;2033;10;44
1870;2033-10-31;2033-11-06;2033;10;45
1871;2033-11-07;2033-11-13;2033;11;46
1872;2033-11-14;2033-11-20;2033;11;47
1873;2033-11-21;2033-11-27;2033;11;48
1874;2033-11-28;2033-12-04;2033;11;49
1875;2033-12-05;2033-12-11;2033;12;50
1876;2033-12-12;2033-12-18;2033;12;51
1877;2033-12-19;2033-12-25;2033;12;52
1878;2033-12-26;2034-01-01;2033;12;53
1879;2034-01-02;2034-01-08;2034;1;1
1880;2034-01-09;2034-01-15;2034;1;2
1881;2034-01-16;2034-01-22;2034;1;3
1882;2034-01-23;2034-01-29;2034;1;4
1883;2034-01-30;2034-02-05;2034;1;5
1884;2034-02-06;2034-02-12;2034;2;6
1885;2034-02-13;2034-02-19;2034;2;7
1886;2034-02-20;2034-02-26;2034;2;8
1887;2034-02-27;2034-03-05;2034;2;9
1888;2034-03-06;2034-03-12;2034;3;10
1889;2034-03-13;2034-03-19;2034;3;11
1890;2034-03-20;2034-03-26;2034;3;12
1891;2034-03-27;2034-04-02;2034;3;13
1892;2034-04-03;2034-04-09;2034;4;14
1893;2034-04-10;2034-04-16;2034;4;15
1894;2034-04-17;2034-04-23;2034;4;16
1895;2034-04-24;2034-04-30;2034;4;17
1896;2034-05-01;2034-05-07;2034;5;18
1897;2034-05-08;2034-05-14;2034;5;19
1898;2034-05-15;2034-05-21;2034;5;20
1899;2034-05-22;2034-05-28;2034;5;21
1900;2034-05-29;2034-06-04;2034;5;22
1901;2034-06-05;2034-06-11;2034;6;23
1902;2034-06-12;2034-06-18;2034;6;24
1903;2034-06-19;2034-06-25;2034;6;25
1904;2034-06-26;2034-07-02;2034;6;26
1905;2034-07-03;2034-07-09;2034;7;27
1906;2034-07-10;2034-07-16;2034;7;28
1907;2034-07-17;2034-07-23;2034;7;29
1908;2034-07-24;2034-07-30;2034;7;30
1909;2034-07-31;2034-08-06;2034;7;31
1910;2034-08-07;2034-08-13;2034;8;32
1911;2034-08-14;2034-08-20;2034;8;33
1912;2034-08-21;2034-08-27;2034;8;34
1913;2034-08-28;2034-09-03;2034;8;35
1914;2034-09-04;2034-09-10;2034;9;36
1915;2034-09-11;2034-09-17;2034;9;37
1916;2034-09-18;2034-09-24;2034;9;38
1917;2034-09-25;2034-10-01;2034;9;39
1918;2034-10-02;2034-10-08;2034;10;40
1919;2034-10-09;2034-10-15;2034;10;41
1920;2034-10-16;2034-10-22;2034;10;42
1921;2034-10-23;2034-10-29;2034;10;43
1922;2034-10-30;2034-11-05;2034;10;44
1923;2034-11-06;2034-11-12;2034;11;45
1924;2034-11-13;2034-11-19;2034;11;46
1925;2034-11-20;2034-11-26;2034;11;47
1926;2034-11-27;2034-12-03;2034;11;48
1927;2034-12-04;2034-12-10;2034;12;49
1928;2034-12-11;2034-12-17;2034;12;50
1929;2034-12-18;2034-12-24;2034;12;51
1930;2034-12-25;2034-12-31;2034;12;52
1931;2035-01-01;2035-01-07;2035;1;1
1932;2035-01-08;2035-01-14;2035;1;2
1933;2035-01-15;2035-01-21;2035;1;3
1934;2035-01-22;2035-01-28;2035;1;4
1935;2035-01-29;2035-02-04;2035;1;5
1936;2035-02-05;2035-02-11;2035;2;6
1937;2035-02-12;2035-02-18;2035;2;7
1938;2035-02-19;2035-02-25;2035;2;8
1939;2035-02-26;2035-03-04;2035;2;9
1940;2035-03-05;2035-03-11;2035;3;10
1941;2035-03-12;2035-03-18;2035;3;11
1942;2035-03-19;2035-03-25;2035;3;12
1943;2035-03-26;2035-04-01;2035;3;13
1944;2035-04-02;2035-04-08;2035;4;14
1945;2035-04-09;2035-04-15;2035;4;15
1946;2035-04-16;2035-04-22;2035;4;16
1947;2035-04-23;2035-04-29;2035;4;17
1948;2035-04-30;2035-05-06;2035;4;18
1949;2035-05-07;2035-05-13;2035;5;19
1950;2035-05-14;2035-05-20;2035;5;20
1951;2035-05-21;2035-05-27;2035;5;21
1952;2035-05-28;2035-06-03;2035;5;22
1953;2035-06-04;2035-06-10;2035;6;23
1954;2035-06-11;2035-06-17;2035;6;24
1955;2035-06-18;2035-06-24;2035;6;25
1956;2035-06-25;2035-07-01;2035;6;26
1957;2035-07-02;2035-07-08;2035;7;27
1958;2035-07-09;2035-07-15;2035;7;28
1959;2035-07-16;2035-07-22;2035;7;29
1960;2035-07-23;2035-07-29;2035;7;30
1961;2035-07-30;2035-08-05;2035;7;31
1962;2035-08-06;2035-08-12;2035;8;32
1963;2035-08-13;2035-08-19;2035;8;33
1964;2035-08-20;2035-08-26;2035;8;34
1965;2035-08-27;2035-09-02;2035;8;35
1966;2035-09-03;2035-09-09;2035;9;36
1967;2035-09-10;2035-09-16;2035;9;37
1968;2035-09-17;2035-09-23;2035;9;38
1969;2035-09-24;2035-09-30;2035;9;39
1970;2035-10-01;2035-10-07;2035;10;40
1971;2035-10-08;2035-10-14;2035;10;41
1972;2035-10-15;2035-10-21;2035;10;42
1973;2035-10-22;2035-10-28;2035;10;43
1974;2035-10-29;2035-11-04;2035;10;44
1975;2035-11-05;2035-11-11;2035;11;45
1976;2035-11-12;2035-11-18;2035;11;46
1977;2035-11-19;2035-11-25;2035;11;47
1978;2035-11-26;2035-12-02;2035;11;48
1979;2035-12-03;2035-12-09;2035;12;49
1980;2035-12-10;2035-12-16;2035;12;50
1981;2035-12-17;2035-12-23;2035;12;51
1982;2035-12-24;2035-12-30;2035;12;52
1983;2035-12-31;2036-01-06;2035;12;53
1984;2036-01-07;2036-01-13;2036;1;2
1985;2036-01-14;2036-01-20;2036;1;3
1986;2036-01-21;2036-01-27;2036;1;4
1987;2036-01-28;2036-02-03;2036;1;5
1988;2036-02-04;2036-02-10;2036;2;6
1989;2036-02-11;2036-02-17;2036;2;7
1990;2036-02-18;2036-02-24;2036;2;8
1991;2036-02-25;2036-03-02;2036;2;9
1992;2036-03-03;2036-03-09;2036;3;10
1993;2036-03-10;2036-03-16;2036;3;11
1994;2036-03-17;2036-03-23;2036;3;12
1995;2036-03-24;2036-03-30;2036;3;13
1996;2036-03-31;2036-04-06;2036;3;14
1997;2036-04-07;2036-04-13;2036;4;15
1998;2036-04-14;2036-04-20;2036;4;16
1999;2036-04-21;2036-04-27;2036;4;17
2000;2036-04-28;2036-05-04;2036;4;18
2001;2036-05-05;2036-05-11;2036;5;19
2002;2036-05-12;2036-05-18;2036;5;20
2003;2036-05-19;2036-05-25;2036;5;21
2004;2036-05-26;2036-06-01;2036;5;22
2005;2036-06-02;2036-06-08;2036;6;23
2006;2036-06-09;2036-06-15;2036;6;24
2007;2036-06-16;2036-06-22;2036;6;25
2008;2036-06-23;2036-06-29;2036;6;26
2009;2036-06-30;2036-07-06;2036;6;27
2010;2036-07-07;2036-07-13;2036;7;28
2011;2036-07-14;2036-07-20;2036;7;29
2012;2036-07-21;2036-07-27;2036;7;30
2013;2036-07-28;2036-08-03;2036;7;31
2014;2036-08-04;2036-08-10;2036;8;32
2015;2036-08-11;2036-08-17;2036;8;33
2016;2036-08-18;2036-08-24;2036;8;34
2017;2036-08-25;2036-08-31;2036;8;35
2018;2036-09-01;2036-09-07;2036;9;36
2019;2036-09-08;2036-09-14;2036;9;37
2020;2036-09-15;2036-09-21;2036;9;38
2021;2036-09-22;2036-09-28;2036;9;39
2022;2036-09-29;2036-10-05;2036;9;40
2023;2036-10-06;2036-10-12;2036;10;41
2024;2036-10-13;2036-10-19;2036;10;42
2025;2036-10-20;2036-10-26;2036;10;43
2026;2036-10-27;2036-11-02;2036;10;44
2027;2036-11-03;2036-11-09;2036;11;45
2028;2036-11-10;2036-11-16;2036;11;46
2029;2036-11-17;2036-11-23;2036;11;47
2030;2036-11-24;2036-11-30;2036;11;48
2031;2036-12-01;2036-12-07;2036;12;49
2032;2036-12-08;2036-12-14;2036;12;50
2033;2036-12-15;2036-12-21;2036;12;51
2034;2036-12-22;2036-12-28;2036;12;52
2035;2036-12-29;2037-01-04;2036;12;53
2036;2037-01-05;2037-01-11;2037;1;2
2037;2037-01-12;2037-01-18;2037;1;3
2038;2037-01-19;2037-01-25;2037;1;4
2039;2037-01-26;2037-02-01;2037;1;5
2040;2037-02-02;2037-02-08;2037;2;6
2041;2037-02-09;2037-02-15;2037;2;7
2042;2037-02-16;2037-02-22;2037;2;8
2043;2037-02-23;2037-03-01;2037;2;9
2044;2037-03-02;2037-03-08;2037;3;10
2045;2037-03-09;2037-03-15;2037;3;11
2046;2037-03-16;2037-03-22;2037;3;12
2047;2037-03-23;2037-03-29;2037;3;13
2048;2037-03-30;2037-04-05;2037;3;14
2049;2037-04-06;2037-04-12;2037;4;15
2050;2037-04-13;2037-04-19;2037;4;16
2051;2037-04-20;2037-04-26;2037;4;17
2052;2037-04-27;2037-05-03;2037;4;18
2053;2037-05-04;2037-05-10;2037;5;19
2054;2037-05-11;2037-05-17;2037;5;20
2055;2037-05-18;2037-05-24;2037;5;21
2056;2037-05-25;2037-05-31;2037;5;22
2057;2037-06-01;2037-06-07;2037;6;23
2058;2037-06-08;2037-06-14;2037;6;24
2059;2037-06-15;2037-06-21;2037;6;25
2060;2037-06-22;2037-06-28;2037;6;26
2061;2037-06-29;2037-07-05;2037;6;27
2062;2037-07-06;2037-07-12;2037;7;28
2063;2037-07-13;2037-07-19;2037;7;29
2064;2037-07-20;2037-07-26;2037;7;30
2065;2037-07-27;2037-08-02;2037;7;31
2066;2037-08-03;2037-08-09;2037;8;32
2067;2037-08-10;2037-08-16;2037;8;33
2068;2037-08-17;2037-08-23;2037;8;34
2069;2037-08-24;2037-08-30;2037;8;35
2070;2037-08-31;2037-09-06;2037;8;36
2071;2037-09-07;2037-09-13;2037;9;37
2072;2037-09-14;2037-09-20;2037;9;38
2073;2037-09-21;2037-09-27;2037;9;39
2074;2037-09-28;2037-10-04;2037;9;40
2075;2037-10-05;2037-10-11;2037;10;41
2076;2037-10-12;2037-10-18;2037;10;42
2077;2037-10-19;2037-10-25;2037;10;43
2078;2037-10-26;2037-11-01;2037;10;44
2079;2037-11-02;2037-11-08;2037;11;45
2080;2037-11-09;2037-11-15;2037;11;46
2081;2037-11-16;2037-11-22;2037;11;47
2082;2037-11-23;2037-11-29;2037;11;48
2083;2037-11-30;2037-12-06;2037;11;49
2084;2037-12-07;2037-12-13;2037;12;50
2085;2037-12-14;2037-12-20;2037;12;51
2086;2037-12-21;2037-12-27;2037;12;52
2087;2037-12-28;2038-01-03;2037;12;53
2088;2038-01-04;2038-01-10;2038;1;2
2089;2038-01-11;2038-01-17;2038;1;3
2090;2038-01-18;2038-01-24;2038;1;4
2091;2038-01-25;2038-01-31;2038;1;5
2092;2038-02-01;2038-02-07;2038;2;6
2093;2038-02-08;2038-02-14;2038;2;7
2094;2038-02-15;2038-02-21;2038;2;8
2095;2038-02-22;2038-02-28;2038;2;9
2096;2038-03-01;2038-03-07;2038;3;10
2097;2038-03-08;2038-03-14;2038;3;11
2098;2038-03-15;2038-03-21;2038;3;12
2099;2038-03-22;2038-03-28;2038;3;13
2100;2038-03-29;2038-04-04;2038;3;14
2101;2038-04-05;2038-04-11;2038;4;15
2102;2038-04-12;2038-04-18;2038;4;16
2103;2038-04-19;2038-04-25;2038;4;17
2104;2038-04-26;2038-05-02;2038;4;18
2105;2038-05-03;2038-05-09;2038;5;19
2106;2038-05-10;2038-05-16;2038;5;20
2107;2038-05-17;2038-05-23;2038;5;21
2108;2038-05-24;2038-05-30;2038;5;22
2109;2038-05-31;2038-06-06;2038;5;23
2110;2038-06-07;2038-06-13;2038;6;24
2111;2038-06-14;2038-06-20;2038;6;25
2112;2038-06-21;2038-06-27;2038;6;26
2113;2038-06-28;2038-07-04;2038;6;27
2114;2038-07-05;2038-07-11;2038;7;28
2115;2038-07-12;2038-07-18;2038;7;29
2116;2038-07-19;2038-07-25;2038;7;30
2117;2038-07-26;2038-08-01;2038;7;31
2118;2038-08-02;2038-08-08;2038;8;32
2119;2038-08-09;2038-08-15;2038;8;33
2120;2038-08-16;2038-08-22;2038;8;34
2121;2038-08-23;2038-08-29;2038;8;35
2122;2038-08-30;2038-09-05;2038;8;36
2123;2038-09-06;2038-09-12;2038;9;37
2124;2038-09-13;2038-09-19;2038;9;38
2125;2038-09-20;2038-09-26;2038;9;39
2126;2038-09-27;2038-10-03;2038;9;40
2127;2038-10-04;2038-10-10;2038;10;41
2128;2038-10-11;2038-10-17;2038;10;42
2129;2038-10-18;2038-10-24;2038;10;43
2130;2038-10-25;2038-10-31;2038;10;44
2131;2038-11-01;2038-11-07;2038;11;45
2132;2038-11-08;2038-11-14;2038;11;46
2133;2038-11-15;2038-11-21;2038;11;47
2134;2038-11-22;2038-11-28;2038;11;48
2135;2038-11-29;2038-12-05;2038;11;49
2136;2038-12-06;2038-12-12;2038;12;50
2137;2038-12-13;2038-12-19;2038;12;51
2138;2038-12-20;2038-12-26;2038;12;52
2139;2038-12-27;2039-01-02;2038;12;53
2140;2039-01-03;2039-01-09;2039;1;2
2141;2039-01-10;2039-01-16;2039;1;3
2142;2039-01-17;2039-01-23;2039;1;4
2143;2039-01-24;2039-01-30;2039;1;5
2144;2039-01-31;2039-02-06;2039;1;6
2145;2039-02-07;2039-02-13;2039;2;7
2146;2039-02-14;2039-02-20;2039;2;8
2147;2039-02-21;2039-02-27;2039;2;9
2148;2039-02-28;2039-03-06;2039;2;10
2149;2039-03-07;2039-03-13;2039;3;11
2150;2039-03-14;2039-03-20;2039;3;12
2151;2039-03-21;2039-03-27;2039;3;13
2152;2039-03-28;2039-04-03;2039;3;14
2153;2039-04-04;2039-04-10;2039;4;15
2154;2039-04-11;2039-04-17;2039;4;16
2155;2039-04-18;2039-04-24;2039;4;17
2156;2039-04-25;2039-05-01;2039;4;18
2157;2039-05-02;2039-05-08;2039;5;19
2158;2039-05-09;2039-05-15;2039;5;20
2159;2039-05-16;2039-05-22;2039;5;21
2160;2039-05-23;2039-05-29;2039;5;22
2161;2039-05-30;2039-06-05;2039;5;23
2162;2039-06-06;2039-06-12;2039;6;24
2163;2039-06-13;2039-06-19;2039;6;25
2164;2039-06-20;2039-06-26;2039;6;26
2165;2039-06-27;2039-07-03;2039;6;27
2166;2039-07-04;2039-07-10;2039;7;28
2167;2039-07-11;2039-07-17;2039;7;29
2168;2039-07-18;2039-07-24;2039;7;30
2169;2039-07-25;2039-07-31;2039;7;31
2170;2039-08-01;2039-08-07;2039;8;32
2171;2039-08-08;2039-08-14;2039;8;33
2172;2039-08-15;2039-08-21;2039;8;34
2173;2039-08-22;2039-08-28;2039;8;35
2174;2039-08-29;2039-09-04;2039;8;36
2175;2039-09-05;2039-09-11;2039;9;37
2176;2039-09-12;2039-09-18;2039;9;38
2177;2039-09-19;2039-09-25;2039;9;39
2178;2039-09-26;2039-10-02;2039;9;40
2179;2039-10-03;2039-10-09;2039;10;41
2180;2039-10-10;2039-10-16;2039;10;42
2181;2039-10-17;2039-10-23;2039;10;43
2182;2039-10-24;2039-10-30;2039;10;44
2183;2039-10-31;2039-11-06;2039;10;45
2184;2039-11-07;2039-11-13;2039;11;46
2185;2039-11-14;2039-11-20;2039;11;47
2186;2039-11-21;2039-11-27;2039;11;48
2187;2039-11-28;2039-12-04;2039;11;49
2188;2039-12-05;2039-12-11;2039;12;50
2189;2039-12-12;2039-12-18;2039;12;51
2190;2039-12-19;2039-12-25;2039;12;52
2191;2039-12-26;2040-01-01;2039;12;53
2192;2040-01-02;2040-01-08;2040;1;1
2193;2040-01-09;2040-01-15;2040;1;2
2194;2040-01-16;2040-01-22;2040;1;3
2195;2040-01-23;2040-01-29;2040;1;4
2196;2040-01-30;2040-02-05;2040;1;5
2197;2040-02-06;2040-02-12;2040;2;6
2198;2040-02-13;2040-02-19;2040;2;7
2199;2040-02-20;2040-02-26;2040;2;8
2200;2040-02-27;2040-03-04;2040;2;9
2201;2040-03-05;2040-03-11;2040;3;10
2202;2040-03-12;2040-03-18;2040;3;11
2203;2040-03-19;2040-03-25;2040;3;12
2204;2040-03-26;2040-04-01;2040;3;13
2205;2040-04-02;2040-04-08;2040;4;14
2206;2040-04-09;2040-04-15;2040;4;15
2207;2040-04-16;2040-04-22;2040;4;16
2208;2040-04-23;2040-04-29;2040;4;17
2209;2040-04-30;2040-05-06;2040;4;18
2210;2040-05-07;2040-05-13;2040;5;19
2211;2040-05-14;2040-05-20;2040;5;20
2212;2040-05-21;2040-05-27;2040;5;21
2213;2040-05-28;2040-06-03;2040;5;22
2214;2040-06-04;2040-06-10;2040;6;23
2215;2040-06-11;2040-06-17;2040;6;24
2216;2040-06-18;2040-06-24;2040;6;25
2217;2040-06-25;2040-07-01;2040;6;26
2218;2040-07-02;2040-07-08;2040;7;27
2219;2040-07-09;2040-07-15;2040;7;28
2220;2040-07-16;2040-07-22;2040;7;29
2221;2040-07-23;2040-07-29;2040;7;30
2222;2040-07-30;2040-08-05;2040;7;31
2223;2040-08-06;2040-08-12;2040;8;32
2224;2040-08-13;2040-08-19;2040;8;33
2225;2040-08-20;2040-08-26;2040;8;34
2226;2040-08-27;2040-09-02;2040;8;35
2227;2040-09-03;2040-09-09;2040;9;36
2228;2040-09-10;2040-09-16;2040;9;37
2229;2040-09-17;2040-09-23;2040;9;38
2230;2040-09-24;2040-09-30;2040;9;39
2231;2040-10-01;2040-10-07;2040;10;40
2232;2040-10-08;2040-10-14;2040;10;41
2233;2040-10-15;2040-10-21;2040;10;42
2234;2040-10-22;2040-10-28;2040;10;43
2235;2040-10-29;2040-11-04;2040;10;44
2236;2040-11-05;2040-11-11;2040;11;45
2237;2040-11-12;2040-11-18;2040;11;46
2238;2040-11-19;2040-11-25;2040;11;47
2239;2040-11-26;2040-12-02;2040;11;48
2240;2040-12-03;2040-12-09;2040;12;49
2241;2040-12-10;2040-12-16;2040;12;50
2242;2040-12-17;2040-12-23;2040;12;51
2243;2040-12-24;2040-12-30;2040;12;52
2244;2040-12-31;2041-01-06;2040;12;53
2245;2041-01-07;2041-01-13;2041;1;2
2246;2041-01-14;2041-01-20;2041;1;3
2247;2041-01-21;2041-01-27;2041;1;4
2248;2041-01-28;2041-02-03;2041;1;5
2249;2041-02-04;2041-02-10;2041;2;6
2250;2041-02-11;2041-02-17;2041;2;7
2251;2041-02-18;2041-02-24;2041;2;8
2252;2041-02-25;2041-03-03;2041;2;9
2253;2041-03-04;2041-03-10;2041;3;10
2254;2041-03-11;2041-03-17;2041;3;11
2255;2041-03-18;2041-03-24;2041;3;12
2256;2041-03-25;2041-03-31;2041;3;13
2257;2041-04-01;2041-04-07;2041;4;14
2258;2041-04-08;2041-04-14;2041;4;15
2259;2041-04-15;2041-04-21;2041;4;16
2260;2041-04-22;2041-04-28;2041;4;17
2261;2041-04-29;2041-05-05;2041;4;18
2262;2041-05-06;2041-05-12;2041;5;19
2263;2041-05-13;2041-05-19;2041;5;20
2264;2041-05-20;2041-05-26;2041;5;21
2265;2041-05-27;2041-06-02;2041;5;22
2266;2041-06-03;2041-06-09;2041;6;23
2267;2041-06-10;2041-06-16;2041;6;24
2268;2041-06-17;2041-06-23;2041;6;25
2269;2041-06-24;2041-06-30;2041;6;26
2270;2041-07-01;2041-07-07;2041;7;27
2271;2041-07-08;2041-07-14;2041;7;28
2272;2041-07-15;2041-07-21;2041;7;29
2273;2041-07-22;2041-07-28;2041;7;30
2274;2041-07-29;2041-08-04;2041;7;31
2275;2041-08-05;2041-08-11;2041;8;32
2276;2041-08-12;2041-08-18;2041;8;33
2277;2041-08-19;2041-08-25;2041;8;34
2278;2041-08-26;2041-09-01;2041;8;35
2279;2041-09-02;2041-09-08;2041;9;36
2280;2041-09-09;2041-09-15;2041;9;37
2281;2041-09-16;2041-09-22;2041;9;38
2282;2041-09-23;2041-09-29;2041;9;39
2283;2041-09-30;2041-10-06;2041;9;40
2284;2041-10-07;2041-10-13;2041;10;41
2285;2041-10-14;2041-10-20;2041;10;42
2286;2041-10-21;2041-10-27;2041;10;43
2287;2041-10-28;2041-11-03;2041;10;44
2288;2041-11-04;2041-11-10;2041;11;45
2289;2041-11-11;2041-11-17;2041;11;46
2290;2041-11-18;2041-11-24;2041;11;47
2291;2041-11-25;2041-12-01;2041;11;48
2292;2041-12-02;2041-12-08;2041;12;49
2293;2041-12-09;2041-12-15;2041;12;50
2294;2041-12-16;2041-12-22;2041;12;51
2295;2041-12-23;2041-12-29;2041;12;52
2296;2041-12-30;2042-01-05;2041;12;53
2297;2042-01-06;2042-01-12;2042;1;2
2298;2042-01-13;2042-01-19;2042;1;3
2299;2042-01-20;2042-01-26;2042;1;4
2300;2042-01-27;2042-02-02;2042;1;5
2301;2042-02-03;2042-02-09;2042;2;6
